Workbook

Sheet بيانات
A1: نظام إدارة اشتراكات — نادي RCS
A2: رقم الملف | B2: اللقب | C2: الاسم | D2: تاريخ الميلاد | E2: الجنس | F2: العمر | G2: فصيلة الدم | H2: نوع الاشتراك | I2: تاريخ آخر دفعة | J2: تاريخ انتهاء الاشتراك | K2: حالة الدفع | L2: رسوم الاشتراك | M2: مصاريف التأمين | N2: حقوق المركب | O2: المبلغ الإجمالي | P2: حالة التجديد | Q2: أيام السباحة | R2: التوقيت | S2: عدد أشهر الاشتراك | T2: البادئة
A3: =IF(B3="","",IF(T3="?","⚠️ نوع غير معرف",T3&TEXT(COUNTIFS($T$3:T3,T3),"000"))) -> RCS001 | B3: بورقعة | C3: محمد الأمين | D3: 41766 | E3: ذكر | F3: =IF(D3="","",DATEDIF(D3,TODAY(),"Y")) -> 12 | H3: / | I3: 46190 | J3: =IF(I3="","",I3+30) -> 46220 | K3: مدفوع | L3: =IF(OR(K3="لم يدفع",B3=""),"",IF(K3="تأمين فقط",0,IF(K3="اشتراك 300",300,IF(F3<14,IFERROR(VLOOKUP(SUBSTITUTE(SUBSTITUTE(H3,"~","~~"),"*","~*"),إعدادات_الأنواع!$A$4:$D$40,3,FALSE()),0),IFERROR(VLOOKUP(SUBSTITUTE(SUBSTITUTE(H3,"~","~~"),"*","~*"),إعدادات_الأنواع!$A$4:$D$40,4,FALSE()),0))))) -> 1300 | M3: =IF(OR(K3="لم يدفع",B3=""),"",IFERROR(VLOOKUP(SUBSTITUTE(SUBSTITUTE(H3,"~","~~"),"*","~*"),إعدادات_الأنواع!$A$4:$E$40,5,FALSE()),0)) -> 500 | N3: =IF(OR(K3="لم يدفع",K3="تأمين فقط",K3="اشتراك 300",B3=""),"",IFERROR(VLOOKUP(SUBSTITUTE(SUBSTITUTE(H3,"~","~~"),"*","~*"),إعدادات_الأنواع!$A$4:$F$40,6,FALSE()),0)) -> 1000 | O3: =IF(K3="لم يدفع","",IF(L3="","",IF(N3="",L3+M3,L3+M3))) -> 1800 | P3: =IF(B3="","",IF(K3="لم يدفع","🔒 مجمدة",IF(J3="","",IF(J3<TODAY(),"⛔ منتهي - يتطلب تجديد",IF(J3-5<=TODAY(),"⚠️ قريب الانتهاء","✅ ساري"))))) -> ⚠️ قريب الانتهاء | Q3: الأحد والأربعاء | R3: 10:00-11:00 | S3: =IF(B3="","",COUNTA(التجديد!E3:E3)) -> 0 | T3: =IF(B3="","",IFERROR(VLOOKUP(SUBSTITUTE(SUBSTITUTE(H3,"~","~~"),"*","~*"),إعدادات_الأنواع!$A$4:$B$40,2,FALSE()),"?")) -> RCS
A4: =IF(B4="","",IF(T4="?","⚠️ نوع غير معرف",T4&TEXT(COUNTIFS($T$3:T4,T4),"000"))) -> RCS002 | B4: براهمي | C4: ياسين صلاح الدين | D4: 41925 | E4: ذكر | F4: =IF(D4="","",DATEDIF(D4,TODAY(),"Y")) -> 11 | G4: AB+ | H4: / | I4: 46190 | J4: =IF(I4="","",I4+30) -> 46220 | K4: مدفوع | L4: =IF(OR(K4="لم يدفع",B4=""),"",IF(K4="تأمين فقط",0,IF(K4="اشتراك 300",300,IF(F4<14,IFERROR(VLOOKUP(SUBSTITUTE(SUBSTITUTE(H4,"~","~~"),"*","~*"),إعدادات_الأنواع!$A$4:$D$40,3,FALSE()),0),IFERROR(VLOOKUP(SUBSTITUTE(SUBSTITUTE(H4,"~","~~"),"*","~*"),إعدادات_الأنواع!$A$4:$D$40,4,FALSE()),0))))) -> 1300 | M4: =IF(OR(K4="لم يدفع",B4=""),"",IFERROR(VLOOKUP(SUBSTITUTE(SUBSTITUTE(H4,"~","~~"),"*","~*"),إعدادات_الأنواع!$A$4:$E$40,5,FALSE()),0)) -> 500 | N4: =IF(OR(K4="لم يدفع",K4="تأمين فقط",K4="اشتراك 300",B4=""),"",IFERROR(VLOOKUP(SUBSTITUTE(SUBSTITUTE(H4,"~","~~"),"*","~*"),إعدادات_الأنواع!$A$4:$F$40,6,FALSE()),0)) -> 1000 | O4: =IF(K4="لم يدفع","",IF(L4="","",IF(N4="",L4+M4,L4+M4))) -> 1800 | P4: =IF(B4="","",IF(K4="لم يدفع","🔒 مجمدة",IF(J4="","",IF(J4<TODAY(),"⛔ منتهي - يتطلب تجديد",IF(J4-5<=TODAY(),"⚠️ قريب الانتهاء","✅ ساري"))))) -> ⚠️ قريب الانتهاء | Q4: الأحد والأربعاء | R4: 10:00-11:00 | S4: =IF(B4="","",COUNTA(التجديد!E4:E4)) -> 0 | T4: =IF(B4="","",IFERROR(VLOOKUP(SUBSTITUTE(SUBSTITUTE(H4,"~","~~"),"*","~*"),إعدادات_الأنواع!$A$4:$B$40,2,FALSE()),"?")) -> RCS
A5: =IF(B5="","",IF(T5="?","⚠️ نوع غير معرف",T5&TEXT(COUNTIFS($T$3:T5,T5),"000"))) -> RCS003 | B5: براهمي | C5: فؤاد عبد القادر | D5: 40915 | E5: ذكر | F5: =IF(D5="","",DATEDIF(D5,TODAY(),"Y")) -> 14 | G5: A+ | H5: / | I5: 46190 | J5: =IF(I5="","",I5+30) -> 46220 | K5: مدفوع | L5: =IF(OR(K5="لم يدفع",B5=""),"",IF(K5="تأمين فقط",0,IF(K5="اشتراك 300",300,IF(F5<14,IFERROR(VLOOKUP(SUBSTITUTE(SUBSTITUTE(H5,"~","~~"),"*","~*"),إعدادات_الأنواع!$A$4:$D$40,3,FALSE()),0),IFERROR(VLOOKUP(SUBSTITUTE(SUBSTITUTE(H5,"~","~~"),"*","~*"),إعدادات_الأنواع!$A$4:$D$40,4,FALSE()),0))))) -> 1500 | M5: =IF(OR(K5="لم يدفع",B5=""),"",IFERROR(VLOOKUP(SUBSTITUTE(SUBSTITUTE(H5,"~","~~"),"*","~*"),إعدادات_الأنواع!$A$4:$E$40,5,FALSE()),0)) -> 500 | N5: =IF(OR(K5="لم يدفع",K5="تأمين فقط",K5="اشتراك 300",B5=""),"",IFERROR(VLOOKUP(SUBSTITUTE(SUBSTITUTE(H5,"~","~~"),"*","~*"),إعدادات_الأنواع!$A$4:$F$40,6,FALSE()),0)) -> 1000 | O5: =IF(K5="لم يدفع","",IF(L5="","",IF(N5="",L5+M5,L5+M5))) -> 2000 | P5: =IF(B5="","",IF(K5="لم يدفع","🔒 مجمدة",IF(J5="","",IF(J5<TODAY(),"⛔ منتهي - يتطلب تجديد",IF(J5-5<=TODAY(),"⚠️ قريب الانتهاء","✅ ساري"))))) -> ⚠️ قريب الانتهاء | Q5: الأحد والأربعاء | R5: 10:00-11:00 | S5: =IF(B5="","",COUNTA(التجديد!E5:E5)) -> 0 | T5: =IF(B5="","",IFERROR(VLOOKUP(SUBSTITUTE(SUBSTITUTE(H5,"~","~~"),"*","~*"),إعدادات_الأنواع!$A$4:$B$40,2,FALSE()),"?")) -> RCS
A6: =IF(B6="","",IF(T6="?","⚠️ نوع غير معرف",T6&TEXT(COUNTIFS($T$3:T6,T6),"000"))) -> RCS004 | B6: يحياوي | C6: عز الدين عبد القادر | D6: 42864 | E6: ذكر | F6: =IF(D6="","",DATEDIF(D6,TODAY(),"Y")) -> 9 | G6: A+ | H6: / | I6: 46190 | J6: =IF(I6="","",I6+30) -> 46220 | K6: مدفوع | L6: =IF(OR(K6="لم يدفع",B6=""),"",IF(K6="تأمين فقط",0,IF(K6="اشتراك 300",300,IF(F6<14,IFERROR(VLOOKUP(SUBSTITUTE(SUBSTITUTE(H6,"~","~~"),"*","~*"),إعدادات_الأنواع!$A$4:$D$40,3,FALSE()),0),IFERROR(VLOOKUP(SUBSTITUTE(SUBSTITUTE(H6,"~","~~"),"*","~*"),إعدادات_الأنواع!$A$4:$D$40,4,FALSE()),0))))) -> 1300 | M6: =IF(OR(K6="لم يدفع",B6=""),"",IFERROR(VLOOKUP(SUBSTITUTE(SUBSTITUTE(H6,"~","~~"),"*","~*"),إعدادات_الأنواع!$A$4:$E$40,5,FALSE()),0)) -> 500 | N6: =IF(OR(K6="لم يدفع",K6="تأمين فقط",K6="اشتراك 300",B6=""),"",IFERROR(VLOOKUP(SUBSTITUTE(SUBSTITUTE(H6,"~","~~"),"*","~*"),إعدادات_الأنواع!$A$4:$F$40,6,FALSE()),0)) -> 1000 | O6: =IF(K6="لم يدفع","",IF(L6="","",IF(N6="",L6+M6,L6+M6))) -> 1800 | P6: =IF(B6="","",IF(K6="لم يدفع","🔒 مجمدة",IF(J6="","",IF(J6<TODAY(),"⛔ منتهي - يتطلب تجديد",IF(J6-5<=TODAY(),"⚠️ قريب الانتهاء","✅ ساري"))))) -> ⚠️ قريب الانتهاء | Q6: الأحد والأربعاء | R6: 10:00-11:00 | S6: =IF(B6="","",COUNTA(التجديد!E6:E6)) -> 0 | T6: =IF(B6="","",IFERROR(VLOOKUP(SUBSTITUTE(SUBSTITUTE(H6,"~","~~"),"*","~*"),إعدادات_الأنواع!$A$4:$B$40,2,FALSE()),"?")) -> RCS
A7: =IF(B7="","",IF(T7="?","⚠️ نوع غير معرف",T7&TEXT(COUNTIFS($T$3:T7,T7),"000"))) -> RCS005 | B7: غزالي | C7: ياسر | D7: 42727 | E7: ذكر | F7: =IF(D7="","",DATEDIF(D7,TODAY(),"Y")) -> 9 | G7: O- | H7: DJS | I7: 46190 | J7: =IF(I7="","",I7+30) -> 46220 | K7: مدفوع | L7: =IF(OR(K7="لم يدفع",B7=""),"",IF(K7="تأمين فقط",0,IF(K7="اشتراك 300",300,IF(F7<14,IFERROR(VLOOKUP(SUBSTITUTE(SUBSTITUTE(H7,"~","~~"),"*","~*"),إعدادات_الأنواع!$A$4:$D$40,3,FALSE()),0),IFERROR(VLOOKUP(SUBSTITUTE(SUBSTITUTE(H7,"~","~~"),"*","~*"),إعدادات_الأنواع!$A$4:$D$40,4,FALSE()),0))))) -> 300 | M7: =IF(OR(K7="لم يدفع",B7=""),"",IFERROR(VLOOKUP(SUBSTITUTE(SUBSTITUTE(H7,"~","~~"),"*","~*"),إعدادات_الأنواع!$A$4:$E$40,5,FALSE()),0)) -> 500 | N7: =IF(OR(K7="لم يدفع",K7="تأمين فقط",K7="اشتراك 300",B7=""),"",IFERROR(VLOOKUP(SUBSTITUTE(SUBSTITUTE(H7,"~","~~"),"*","~*"),إعدادات_الأنواع!$A$4:$F$40,6,FALSE()),0)) -> 0 | O7: =IF(K7="لم يدفع","",IF(L7="","",IF(N7="",L7+M7,L7+M7))) -> 800 | P7: =IF(B7="","",IF(K7="لم يدفع","🔒 مجمدة",IF(J7="","",IF(J7<TODAY(),"⛔ منتهي - يتطلب تجديد",IF(J7-5<=TODAY(),"⚠️ قريب الانتهاء","✅ ساري"))))) -> ⚠️ قريب الانتهاء | Q7: الأحد والأربعاء | R7: 10:00-11:00 | S7: =IF(B7="","",COUNTA(التجديد!E7:E7)) -> 0 | T7: =IF(B7="","",IFERROR(VLOOKUP(SUBSTITUTE(SUBSTITUTE(H7,"~","~~"),"*","~*"),إعدادات_الأنواع!$A$4:$B$40,2,FALSE()),"?")) -> RCS
A8: =IF(B8="","",IF(T8="?","⚠️ نوع غير معرف",T8&TEXT(COUNTIFS($T$3:T8,T8),"000"))) -> RCS006 | B8: غزالي | C8: آية | D8: 43275 | E8: أنثى | F8: =IF(D8="","",DATEDIF(D8,TODAY(),"Y")) -> 8 | G8: A- | H8: DJS | I8: 46190 | J8: =IF(I8="","",I8+30) -> 46220 | K8: مدفوع | L8: =IF(OR(K8="لم يدفع",B8=""),"",IF(K8="تأمين فقط",0,IF(K8="اشتراك 300",300,IF(F8<14,IFERROR(VLOOKUP(SUBSTITUTE(SUBSTITUTE(H8,"~","~~"),"*","~*"),إعدادات_الأنواع!$A$4:$D$40,3,FALSE()),0),IFERROR(VLOOKUP(SUBSTITUTE(SUBSTITUTE(H8,"~","~~"),"*","~*"),إعدادات_الأنواع!$A$4:$D$40,4,FALSE()),0))))) -> 300 | M8: =IF(OR(K8="لم يدفع",B8=""),"",IFERROR(VLOOKUP(SUBSTITUTE(SUBSTITUTE(H8,"~","~~"),"*","~*"),إعدادات_الأنواع!$A$4:$E$40,5,FALSE()),0)) -> 500 | N8: =IF(OR(K8="لم يدفع",K8="تأمين فقط",K8="اشتراك 300",B8=""),"",IFERROR(VLOOKUP(SUBSTITUTE(SUBSTITUTE(H8,"~","~~"),"*","~*"),إعدادات_الأنواع!$A$4:$F$40,6,FALSE()),0)) -> 0 | O8: =IF(K8="لم يدفع","",IF(L8="","",IF(N8="",L8+M8,L8+M8))) -> 800 | P8: =IF(B8="","",IF(K8="لم يدفع","🔒 مجمدة",IF(J8="","",IF(J8<TODAY(),"⛔ منتهي - يتطلب تجديد",IF(J8-5<=TODAY(),"⚠️ قريب الانتهاء","✅ ساري"))))) -> ⚠️ قريب الانتهاء | Q8: الأحد والأربعاء | R8: 9:00-10:00 | S8: =IF(B8="","",COUNTA(التجديد!E8:E8)) -> 0 | T8: =IF(B8="","",IFERROR(VLOOKUP(SUBSTITUTE(SUBSTITUTE(H8,"~","~~"),"*","~*"),إعدادات_الأنواع!$A$4:$B$40,2,FALSE()),"?")) -> RCS
A9: =IF(B9="","",IF(T9="?","⚠️ نوع غير معرف",T9&TEXT(COUNTIFS($T$3:T9,T9),"000"))) -> RCS007 | B9: علو | C9: عبد الإله | D9: 41323 | E9: ذكر | F9: =IF(D9="","",DATEDIF(D9,TODAY(),"Y")) -> 13 | G9: O+ | H9: / | I9: 46190 | J9: =IF(I9="","",I9+30) -> 46220 | K9: لم يدفع | L9: =IF(OR(K9="لم يدفع",B9=""),"",IF(K9="تأمين فقط",0,IF(K9="اشتراك 300",300,IF(F9<14,IFERROR(VLOOKUP(SUBSTITUTE(SUBSTITUTE(H9,"~","~~"),"*","~*"),إعدادات_الأنواع!$A$4:$D$40,3,FALSE()),0),IFERROR(VLOOKUP(SUBSTITUTE(SUBSTITUTE(H9,"~","~~"),"*","~*"),إعدادات_الأنواع!$A$4:$D$40,4,FALSE()),0))))) | M9: =IF(OR(K9="لم يدفع",B9=""),"",IFERROR(VLOOKUP(SUBSTITUTE(SUBSTITUTE(H9,"~","~~"),"*","~*"),إعدادات_الأنواع!$A$4:$E$40,5,FALSE()),0)) | N9: =IF(OR(K9="لم يدفع",K9="تأمين فقط",K9="اشتراك 300",B9=""),"",IFERROR(VLOOKUP(SUBSTITUTE(SUBSTITUTE(H9,"~","~~"),"*","~*"),إعدادات_الأنواع!$A$4:$F$40,6,FALSE()),0)) | O9: =IF(K9="لم يدفع","",IF(L9="","",IF(N9="",L9+M9,L9+M9))) | P9: =IF(B9="","",IF(K9="لم يدفع","🔒 مجمدة",IF(J9="","",IF(J9<TODAY(),"⛔ منتهي - يتطلب تجديد",IF(J9-5<=TODAY(),"⚠️ قريب الانتهاء","✅ ساري"))))) -> 🔒 مجمدة | Q9: الأحد والأربعاء | R9: 10:00-11:00 | S9: =IF(B9="","",COUNTA(التجديد!E9:E9)) -> 0 | T9: =IF(B9="","",IFERROR(VLOOKUP(SUBSTITUTE(SUBSTITUTE(H9,"~","~~"),"*","~*"),إعدادات_الأنواع!$A$4:$B$40,2,FALSE()),"?")) -> RCS
A10: =IF(B10="","",IF(T10="?","⚠️ نوع غير معرف",T10&TEXT(COUNTIFS($T$3:T10,T10),"000"))) -> RCS008 | B10: علو | C10: صهيب | D10: 43273 | E10: ذكر | F10: =IF(D10="","",DATEDIF(D10,TODAY(),"Y")) -> 8 | G10: O+ | H10: / | I10: 46190 | J10: =IF(I10="","",I10+30) -> 46220 | K10: لم يدفع | L10: =IF(OR(K10="لم يدفع",B10=""),"",IF(K10="تأمين فقط",0,IF(K10="اشتراك 300",300,IF(F10<14,IFERROR(VLOOKUP(SUBSTITUTE(SUBSTITUTE(H10,"~","~~"),"*","~*"),إعدادات_الأنواع!$A$4:$D$40,3,FALSE()),0),IFERROR(VLOOKUP(SUBSTITUTE(SUBSTITUTE(H10,"~","~~"),"*","~*"),إعدادات_الأنواع!$A$4:$D$40,4,FALSE()),0))))) | M10: =IF(OR(K10="لم يدفع",B10=""),"",IFERROR(VLOOKUP(SUBSTITUTE(SUBSTITUTE(H10,"~","~~"),"*","~*"),إعدادات_الأنواع!$A$4:$E$40,5,FALSE()),0)) | N10: =IF(OR(K10="لم يدفع",K10="تأمين فقط",K10="اشتراك 300",B10=""),"",IFERROR(VLOOKUP(SUBSTITUTE(SUBSTITUTE(H10,"~","~~"),"*","~*"),إعدادات_الأنواع!$A$4:$F$40,6,FALSE()),0)) | O10: =IF(K10="لم يدفع","",IF(L10="","",IF(N10="",L10+M10,L10+M10))) | P10: =IF(B10="","",IF(K10="لم يدفع","🔒 مجمدة",IF(J10="","",IF(J10<TODAY(),"⛔ منتهي - يتطلب تجديد",IF(J10-5<=TODAY(),"⚠️ قريب الانتهاء","✅ ساري"))))) -> 🔒 مجمدة | Q10: الأحد والأربعاء | R10: 10:00-11:00 | S10: =IF(B10="","",COUNTA(التجديد!E10:E10)) -> 0 | T10: =IF(B10="","",IFERROR(VLOOKUP(SUBSTITUTE(SUBSTITUTE(H10,"~","~~"),"*","~*"),إعدادات_الأنواع!$A$4:$B$40,2,FALSE()),"?")) -> RCS
A11: =IF(B11="","",IF(T11="?","⚠️ نوع غير معرف",T11&TEXT(COUNTIFS($T$3:T11,T11),"000"))) -> RCS009 | B11: علام | C11: محمد | D11: 42326 | E11: ذكر | F11: =IF(D11="","",DATEDIF(D11,TODAY(),"Y")) -> 10 | H11: / | I11: 46190 | J11: =IF(I11="","",I11+30) -> 46220 | K11: مدفوع | L11: =IF(OR(K11="لم يدفع",B11=""),"",IF(K11="تأمين فقط",0,IF(K11="اشتراك 300",300,IF(F11<14,IFERROR(VLOOKUP(SUBSTITUTE(SUBSTITUTE(H11,"~","~~"),"*","~*"),إعدادات_الأنواع!$A$4:$D$40,3,FALSE()),0),IFERROR(VLOOKUP(SUBSTITUTE(SUBSTITUTE(H11,"~","~~"),"*","~*"),إعدادات_الأنواع!$A$4:$D$40,4,FALSE()),0))))) -> 1300 | M11: =IF(OR(K11="لم يدفع",B11=""),"",IFERROR(VLOOKUP(SUBSTITUTE(SUBSTITUTE(H11,"~","~~"),"*","~*"),إعدادات_الأنواع!$A$4:$E$40,5,FALSE()),0)) -> 500 | N11: =IF(OR(K11="لم يدفع",K11="تأمين فقط",K11="اشتراك 300",B11=""),"",IFERROR(VLOOKUP(SUBSTITUTE(SUBSTITUTE(H11,"~","~~"),"*","~*"),إعدادات_الأنواع!$A$4:$F$40,6,FALSE()),0)) -> 1000 | O11: =IF(K11="لم يدفع","",IF(L11="","",IF(N11="",L11+M11,L11+M11))) -> 1800 | P11: =IF(B11="","",IF(K11="لم يدفع","🔒 مجمدة",IF(J11="","",IF(J11<TODAY(),"⛔ منتهي - يتطلب تجديد",IF(J11-5<=TODAY(),"⚠️ قريب الانتهاء","✅ ساري"))))) -> ⚠️ قريب الانتهاء | Q11: الأحد والأربعاء | R11: 10:00-11:00 | S11: =IF(B11="","",COUNTA(التجديد!E11:E11)) -> 0 | T11: =IF(B11="","",IFERROR(VLOOKUP(SUBSTITUTE(SUBSTITUTE(H11,"~","~~"),"*","~*"),إعدادات_الأنواع!$A$4:$B$40,2,FALSE()),"?")) -> RCS
A12: =IF(B12="","",IF(T12="?","⚠️ نوع غير معرف",T12&TEXT(COUNTIFS($T$3:T12,T12),"000"))) -> RCS010 | B12: علو | C12: ادم ضياء الدين | D12: 41123 | E12: ذكر | F12: =IF(D12="","",DATEDIF(D12,TODAY(),"Y")) -> 13 | H12: / | I12: 46190 | J12: =IF(I12="","",I12+30) -> 46220 | K12: مدفوع | L12: =IF(OR(K12="لم يدفع",B12=""),"",IF(K12="تأمين فقط",0,IF(K12="اشتراك 300",300,IF(F12<14,IFERROR(VLOOKUP(SUBSTITUTE(SUBSTITUTE(H12,"~","~~"),"*","~*"),إعدادات_الأنواع!$A$4:$D$40,3,FALSE()),0),IFERROR(VLOOKUP(SUBSTITUTE(SUBSTITUTE(H12,"~","~~"),"*","~*"),إعدادات_الأنواع!$A$4:$D$40,4,FALSE()),0))))) -> 1300 | M12: =IF(OR(K12="لم يدفع",B12=""),"",IFERROR(VLOOKUP(SUBSTITUTE(SUBSTITUTE(H12,"~","~~"),"*","~*"),إعدادات_الأنواع!$A$4:$E$40,5,FALSE()),0)) -> 500 | N12: =IF(OR(K12="لم يدفع",K12="تأمين فقط",K12="اشتراك 300",B12=""),"",IFERROR(VLOOKUP(SUBSTITUTE(SUBSTITUTE(H12,"~","~~"),"*","~*"),إعدادات_الأنواع!$A$4:$F$40,6,FALSE()),0)) -> 1000 | O12: =IF(K12="لم يدفع","",IF(L12="","",IF(N12="",L12+M12,L12+M12))) -> 1800 | P12: =IF(B12="","",IF(K12="لم يدفع","🔒 مجمدة",IF(J12="","",IF(J12<TODAY(),"⛔ منتهي - يتطلب تجديد",IF(J12-5<=TODAY(),"⚠️ قريب الانتهاء","✅ ساري"))))) -> ⚠️ قريب الانتهاء | Q12: الأحد والأربعاء | R12: 10:00-11:00 | S12: =IF(B12="","",COUNTA(التجديد!E12:E12)) -> 0 | T12: =IF(B12="","",IFERROR(VLOOKUP(SUBSTITUTE(SUBSTITUTE(H12,"~","~~"),"*","~*"),إعدادات_الأنواع!$A$4:$B$40,2,FALSE()),"?")) -> RCS
A13: =IF(B13="","",IF(T13="?","⚠️ نوع غير معرف",T13&TEXT(COUNTIFS($T$3:T13,T13),"000"))) -> RCS011 | B13: بغاديد | C13: احمد عماد الدين | D13: 41578 | E13: ذكر | F13: =IF(D13="","",DATEDIF(D13,TODAY(),"Y")) -> 12 | H13: / | I13: 46194 | J13: =IF(I13="","",I13+30) -> 46224 | K13: مدفوع | L13: =IF(OR(K13="لم يدفع",B13=""),"",IF(K13="تأمين فقط",0,IF(K13="اشتراك 300",300,IF(F13<14,IFERROR(VLOOKUP(SUBSTITUTE(SUBSTITUTE(H13,"~","~~"),"*","~*"),إعدادات_الأنواع!$A$4:$D$40,3,FALSE()),0),IFERROR(VLOOKUP(SUBSTITUTE(SUBSTITUTE(H13,"~","~~"),"*","~*"),إعدادات_الأنواع!$A$4:$D$40,4,FALSE()),0))))) -> 1300 | M13: =IF(OR(K13="لم يدفع",B13=""),"",IFERROR(VLOOKUP(SUBSTITUTE(SUBSTITUTE(H13,"~","~~"),"*","~*"),إعدادات_الأنواع!$A$4:$E$40,5,FALSE()),0)) -> 500 | N13: =IF(OR(K13="لم يدفع",K13="تأمين فقط",K13="اشتراك 300",B13=""),"",IFERROR(VLOOKUP(SUBSTITUTE(SUBSTITUTE(H13,"~","~~"),"*","~*"),إعدادات_الأنواع!$A$4:$F$40,6,FALSE()),0)) -> 1000 | O13: =IF(K13="لم يدفع","",IF(L13="","",IF(N13="",L13+M13,L13+M13))) -> 1800 | P13: =IF(B13="","",IF(K13="لم يدفع","🔒 مجمدة",IF(J13="","",IF(J13<TODAY(),"⛔ منتهي - يتطلب تجديد",IF(J13-5<=TODAY(),"⚠️ قريب الانتهاء","✅ ساري"))))) -> ✅ ساري | Q13: الأحد والأربعاء | R13: 10:00-11:00 | S13: =IF(B13="","",COUNTA(التجديد!E13:E13)) -> 0 | T13: =IF(B13="","",IFERROR(VLOOKUP(SUBSTITUTE(SUBSTITUTE(H13,"~","~~"),"*","~*"),إعدادات_الأنواع!$A$4:$B$40,2,FALSE()),"?")) -> RCS
A14: =IF(B14="","",IF(T14="?","⚠️ نوع غير معرف",T14&TEXT(COUNTIFS($T$3:T14,T14),"000"))) -> RCS012 | B14: هواري | C14: عماد ايمن | D14: 42242 | E14: ذكر | F14: =IF(D14="","",DATEDIF(D14,TODAY(),"Y")) -> 10 | H14: / | I14: 46194 | J14: =IF(I14="","",I14+30) -> 46224 | K14: مدفوع | L14: =IF(OR(K14="لم يدفع",B14=""),"",IF(K14="تأمين فقط",0,IF(K14="اشتراك 300",300,IF(F14<14,IFERROR(VLOOKUP(SUBSTITUTE(SUBSTITUTE(H14,"~","~~"),"*","~*"),إعدادات_الأنواع!$A$4:$D$40,3,FALSE()),0),IFERROR(VLOOKUP(SUBSTITUTE(SUBSTITUTE(H14,"~","~~"),"*","~*"),إعدادات_الأنواع!$A$4:$D$40,4,FALSE()),0))))) -> 1300 | M14: =IF(OR(K14="لم يدفع",B14=""),"",IFERROR(VLOOKUP(SUBSTITUTE(SUBSTITUTE(H14,"~","~~"),"*","~*"),إعدادات_الأنواع!$A$4:$E$40,5,FALSE()),0)) -> 500 | N14: =IF(OR(K14="لم يدفع",K14="تأمين فقط",K14="اشتراك 300",B14=""),"",IFERROR(VLOOKUP(SUBSTITUTE(SUBSTITUTE(H14,"~","~~"),"*","~*"),إعدادات_الأنواع!$A$4:$F$40,6,FALSE()),0)) -> 1000 | O14: =IF(K14="لم يدفع","",IF(L14="","",IF(N14="",L14+M14,L14+M14))) -> 1800 | P14: =IF(B14="","",IF(K14="لم يدفع","🔒 مجمدة",IF(J14="","",IF(J14<TODAY(),"⛔ منتهي - يتطلب تجديد",IF(J14-5<=TODAY(),"⚠️ قريب الانتهاء","✅ ساري"))))) -> ✅ ساري | Q14: الأحد والأربعاء | R14: 10:00-11:00 | S14: =IF(B14="","",COUNTA(التجديد!E14:E14)) -> 0 | T14: =IF(B14="","",IFERROR(VLOOKUP(SUBSTITUTE(SUBSTITUTE(H14,"~","~~"),"*","~*"),إعدادات_الأنواع!$A$4:$B$40,2,FALSE()),"?")) -> RCS
A15: =IF(B15="","",IF(T15="?","⚠️ نوع غير معرف",T15&TEXT(COUNTIFS($T$3:T15,T15),"000"))) -> RCS013 | B15: بن | C15: حشيليف رنيم سجود | D15: 44220 | E15: أنثى | F15: =IF(D15="","",DATEDIF(D15,TODAY(),"Y")) -> 5 | H15: / | I15: 46194 | J15: =IF(I15="","",I15+30) -> 46224 | K15: مدفوع | L15: =IF(OR(K15="لم يدفع",B15=""),"",IF(K15="تأمين فقط",0,IF(K15="اشتراك 300",300,IF(F15<14,IFERROR(VLOOKUP(SUBSTITUTE(SUBSTITUTE(H15,"~","~~"),"*","~*"),إعدادات_الأنواع!$A$4:$D$40,3,FALSE()),0),IFERROR(VLOOKUP(SUBSTITUTE(SUBSTITUTE(H15,"~","~~"),"*","~*"),إعدادات_الأنواع!$A$4:$D$40,4,FALSE()),0))))) -> 1300 | M15: =IF(OR(K15="لم يدفع",B15=""),"",IFERROR(VLOOKUP(SUBSTITUTE(SUBSTITUTE(H15,"~","~~"),"*","~*"),إعدادات_الأنواع!$A$4:$E$40,5,FALSE()),0)) -> 500 | N15: =IF(OR(K15="لم يدفع",K15="تأمين فقط",K15="اشتراك 300",B15=""),"",IFERROR(VLOOKUP(SUBSTITUTE(SUBSTITUTE(H15,"~","~~"),"*","~*"),إعدادات_الأنواع!$A$4:$F$40,6,FALSE()),0)) -> 1000 | O15: =IF(K15="لم يدفع","",IF(L15="","",IF(N15="",L15+M15,L15+M15))) -> 1800 | P15: =IF(B15="","",IF(K15="لم يدفع","🔒 مجمدة",IF(J15="","",IF(J15<TODAY(),"⛔ منتهي - يتطلب تجديد",IF(J15-5<=TODAY(),"⚠️ قريب الانتهاء","✅ ساري"))))) -> ✅ ساري | Q15: الأحد والأربعاء | R15: 9:00-10:00 | S15: =IF(B15="","",COUNTA(التجديد!E15:E15)) -> 0 | T15: =IF(B15="","",IFERROR(VLOOKUP(SUBSTITUTE(SUBSTITUTE(H15,"~","~~"),"*","~*"),إعدادات_الأنواع!$A$4:$B$40,2,FALSE()),"?")) -> RCS
A16: =IF(B16="","",IF(T16="?","⚠️ نوع غير معرف",T16&TEXT(COUNTIFS($T$3:T16,T16),"000"))) -> RCS014 | B16: قدو شريف | C16: صفاء سلسبيل | D16: 43285 | E16: أنثى | F16: =IF(D16="","",DATEDIF(D16,TODAY(),"Y")) -> 8 | H16: / | I16: 46194 | J16: =IF(I16="","",I16+30) -> 46224 | K16: مدفوع | L16: =IF(OR(K16="لم يدفع",B16=""),"",IF(K16="تأمين فقط",0,IF(K16="اشتراك 300",300,IF(F16<14,IFERROR(VLOOKUP(SUBSTITUTE(SUBSTITUTE(H16,"~","~~"),"*","~*"),إعدادات_الأنواع!$A$4:$D$40,3,FALSE()),0),IFERROR(VLOOKUP(SUBSTITUTE(SUBSTITUTE(H16,"~","~~"),"*","~*"),إعدادات_الأنواع!$A$4:$D$40,4,FALSE()),0))))) -> 1300 | M16: =IF(OR(K16="لم يدفع",B16=""),"",IFERROR(VLOOKUP(SUBSTITUTE(SUBSTITUTE(H16,"~","~~"),"*","~*"),إعدادات_الأنواع!$A$4:$E$40,5,FALSE()),0)) -> 500 | N16: =IF(OR(K16="لم يدفع",K16="تأمين فقط",K16="اشتراك 300",B16=""),"",IFERROR(VLOOKUP(SUBSTITUTE(SUBSTITUTE(H16,"~","~~"),"*","~*"),إعدادات_الأنواع!$A$4:$F$40,6,FALSE()),0)) -> 1000 | O16: =IF(K16="لم يدفع","",IF(L16="","",IF(N16="",L16+M16,L16+M16))) -> 1800 | P16: =IF(B16="","",IF(K16="لم يدفع","🔒 مجمدة",IF(J16="","",IF(J16<TODAY(),"⛔ منتهي - يتطلب تجديد",IF(J16-5<=TODAY(),"⚠️ قريب الانتهاء","✅ ساري"))))) -> ✅ ساري | Q16: الأحد والأربعاء | R16: 9:00-10:00 | S16: =IF(B16="","",COUNTA(التجديد!E16:E16)) -> 0 | T16: =IF(B16="","",IFERROR(VLOOKUP(SUBSTITUTE(SUBSTITUTE(H16,"~","~~"),"*","~*"),إعدادات_الأنواع!$A$4:$B$40,2,FALSE()),"?")) -> RCS
A17: =IF(B17="","",IF(T17="?","⚠️ نوع غير معرف",T17&TEXT(COUNTIFS($T$3:T17,T17),"000"))) -> RCS015 | B17: قدو شريف | C17: ثراء كوثر | D17: 42925 | E17: أنثى | F17: =IF(D17="","",DATEDIF(D17,TODAY(),"Y")) -> 9 | H17: / | I17: 46194 | J17: =IF(I17="","",I17+30) -> 46224 | K17: مدفوع | L17: =IF(OR(K17="لم يدفع",B17=""),"",IF(K17="تأمين فقط",0,IF(K17="اشتراك 300",300,IF(F17<14,IFERROR(VLOOKUP(SUBSTITUTE(SUBSTITUTE(H17,"~","~~"),"*","~*"),إعدادات_الأنواع!$A$4:$D$40,3,FALSE()),0),IFERROR(VLOOKUP(SUBSTITUTE(SUBSTITUTE(H17,"~","~~"),"*","~*"),إعدادات_الأنواع!$A$4:$D$40,4,FALSE()),0))))) -> 1300 | M17: =IF(OR(K17="لم يدفع",B17=""),"",IFERROR(VLOOKUP(SUBSTITUTE(SUBSTITUTE(H17,"~","~~"),"*","~*"),إعدادات_الأنواع!$A$4:$E$40,5,FALSE()),0)) -> 500 | N17: =IF(OR(K17="لم يدفع",K17="تأمين فقط",K17="اشتراك 300",B17=""),"",IFERROR(VLOOKUP(SUBSTITUTE(SUBSTITUTE(H17,"~","~~"),"*","~*"),إعدادات_الأنواع!$A$4:$F$40,6,FALSE()),0)) -> 1000 | O17: =IF(K17="لم يدفع","",IF(L17="","",IF(N17="",L17+M17,L17+M17))) -> 1800 | P17: =IF(B17="","",IF(K17="لم يدفع","🔒 مجمدة",IF(J17="","",IF(J17<TODAY(),"⛔ منتهي - يتطلب تجديد",IF(J17-5<=TODAY(),"⚠️ قريب الانتهاء","✅ ساري"))))) -> ✅ ساري | Q17: الأحد والأربعاء | R17: 9:00-10:00 | S17: =IF(B17="","",COUNTA(التجديد!E17:E17)) -> 0 | T17: =IF(B17="","",IFERROR(VLOOKUP(SUBSTITUTE(SUBSTITUTE(H17,"~","~~"),"*","~*"),إعدادات_الأنواع!$A$4:$B$40,2,FALSE()),"?")) -> RCS
A18: =IF(B18="","",IF(T18="?","⚠️ نوع غير معرف",T18&TEXT(COUNTIFS($T$3:T18,T18),"000"))) -> RCS016 | B18: يزيد | C18: هناء ياسمين | D18: 42770 | E18: أنثى | F18: =IF(D18="","",DATEDIF(D18,TODAY(),"Y")) -> 9 | H18: / | I18: 46197 | J18: =IF(I18="","",I18+30) -> 46227 | K18: مدفوع | L18: =IF(OR(K18="لم يدفع",B18=""),"",IF(K18="تأمين فقط",0,IF(K18="اشتراك 300",300,IF(F18<14,IFERROR(VLOOKUP(SUBSTITUTE(SUBSTITUTE(H18,"~","~~"),"*","~*"),إعدادات_الأنواع!$A$4:$D$40,3,FALSE()),0),IFERROR(VLOOKUP(SUBSTITUTE(SUBSTITUTE(H18,"~","~~"),"*","~*"),إعدادات_الأنواع!$A$4:$D$40,4,FALSE()),0))))) -> 1300 | M18: =IF(OR(K18="لم يدفع",B18=""),"",IFERROR(VLOOKUP(SUBSTITUTE(SUBSTITUTE(H18,"~","~~"),"*","~*"),إعدادات_الأنواع!$A$4:$E$40,5,FALSE()),0)) -> 500 | N18: =IF(OR(K18="لم يدفع",K18="تأمين فقط",K18="اشتراك 300",B18=""),"",IFERROR(VLOOKUP(SUBSTITUTE(SUBSTITUTE(H18,"~","~~"),"*","~*"),إعدادات_الأنواع!$A$4:$F$40,6,FALSE()),0)) -> 1000 | O18: =IF(K18="لم يدفع","",IF(L18="","",IF(N18="",L18+M18,L18+M18))) -> 1800 | P18: =IF(B18="","",IF(K18="لم يدفع","🔒 مجمدة",IF(J18="","",IF(J18<TODAY(),"⛔ منتهي - يتطلب تجديد",IF(J18-5<=TODAY(),"⚠️ قريب الانتهاء","✅ ساري"))))) -> ✅ ساري | Q18: الأحد والأربعاء | R18: 9:00-10:00 | S18: =IF(B18="","",COUNTA(التجديد!E18:E18)) -> 0 | T18: =IF(B18="","",IFERROR(VLOOKUP(SUBSTITUTE(SUBSTITUTE(H18,"~","~~"),"*","~*"),إعدادات_الأنواع!$A$4:$B$40,2,FALSE()),"?")) -> RCS
A19: =IF(B19="","",IF(T19="?","⚠️ نوع غير معرف",T19&TEXT(COUNTIFS($T$3:T19,T19),"000"))) -> RCS017 | B19: غوت | C19: محمد الامين | D19: 41969 | E19: ذكر | F19: =IF(D19="","",DATEDIF(D19,TODAY(),"Y")) -> 11 | G19: A+ | H19: / | I19: 46194 | J19: =IF(I19="","",I19+30) -> 46224 | K19: مدفوع | L19: =IF(OR(K19="لم يدفع",B19=""),"",IF(K19="تأمين فقط",0,IF(K19="اشتراك 300",300,IF(F19<14,IFERROR(VLOOKUP(SUBSTITUTE(SUBSTITUTE(H19,"~","~~"),"*","~*"),إعدادات_الأنواع!$A$4:$D$40,3,FALSE()),0),IFERROR(VLOOKUP(SUBSTITUTE(SUBSTITUTE(H19,"~","~~"),"*","~*"),إعدادات_الأنواع!$A$4:$D$40,4,FALSE()),0))))) -> 1300 | M19: =IF(OR(K19="لم يدفع",B19=""),"",IFERROR(VLOOKUP(SUBSTITUTE(SUBSTITUTE(H19,"~","~~"),"*","~*"),إعدادات_الأنواع!$A$4:$E$40,5,FALSE()),0)) -> 500 | N19: =IF(OR(K19="لم يدفع",K19="تأمين فقط",K19="اشتراك 300",B19=""),"",IFERROR(VLOOKUP(SUBSTITUTE(SUBSTITUTE(H19,"~","~~"),"*","~*"),إعدادات_الأنواع!$A$4:$F$40,6,FALSE()),0)) -> 1000 | O19: =IF(K19="لم يدفع","",IF(L19="","",IF(N19="",L19+M19,L19+M19))) -> 1800 | P19: =IF(B19="","",IF(K19="لم يدفع","🔒 مجمدة",IF(J19="","",IF(J19<TODAY(),"⛔ منتهي - يتطلب تجديد",IF(J19-5<=TODAY(),"⚠️ قريب الانتهاء","✅ ساري"))))) -> ✅ ساري | Q19: الأحد والأربعاء | R19: 10:00-11:00 | S19: =IF(B19="","",COUNTA(التجديد!E19:E19)) -> 0 | T19: =IF(B19="","",IFERROR(VLOOKUP(SUBSTITUTE(SUBSTITUTE(H19,"~","~~"),"*","~*"),إعدادات_الأنواع!$A$4:$B$40,2,FALSE()),"?")) -> RCS
A20: =IF(B20="","",IF(T20="?","⚠️ نوع غير معرف",T20&TEXT(COUNTIFS($T$3:T20,T20),"000"))) -> RCS018 | B20: بوعناني | C20: وصال أنفال | D20: 42235 | E20: أنثى | F20: =IF(D20="","",DATEDIF(D20,TODAY(),"Y")) -> 10 | H20: / | I20: 46197 | J20: =IF(I20="","",I20+30) -> 46227 | K20: مدفوع | L20: =IF(OR(K20="لم يدفع",B20=""),"",IF(K20="تأمين فقط",0,IF(K20="اشتراك 300",300,IF(F20<14,IFERROR(VLOOKUP(SUBSTITUTE(SUBSTITUTE(H20,"~","~~"),"*","~*"),إعدادات_الأنواع!$A$4:$D$40,3,FALSE()),0),IFERROR(VLOOKUP(SUBSTITUTE(SUBSTITUTE(H20,"~","~~"),"*","~*"),إعدادات_الأنواع!$A$4:$D$40,4,FALSE()),0))))) -> 1300 | M20: =IF(OR(K20="لم يدفع",B20=""),"",IFERROR(VLOOKUP(SUBSTITUTE(SUBSTITUTE(H20,"~","~~"),"*","~*"),إعدادات_الأنواع!$A$4:$E$40,5,FALSE()),0)) -> 500 | N20: =IF(OR(K20="لم يدفع",K20="تأمين فقط",K20="اشتراك 300",B20=""),"",IFERROR(VLOOKUP(SUBSTITUTE(SUBSTITUTE(H20,"~","~~"),"*","~*"),إعدادات_الأنواع!$A$4:$F$40,6,FALSE()),0)) -> 1000 | O20: =IF(K20="لم يدفع","",IF(L20="","",IF(N20="",L20+M20,L20+M20))) -> 1800 | P20: =IF(B20="","",IF(K20="لم يدفع","🔒 مجمدة",IF(J20="","",IF(J20<TODAY(),"⛔ منتهي - يتطلب تجديد",IF(J20-5<=TODAY(),"⚠️ قريب الانتهاء","✅ ساري"))))) -> ✅ ساري | Q20: الأحد والأربعاء | R20: 9:00-10:00 | S20: =IF(B20="","",COUNTA(التجديد!E20:E20)) -> 0 | T20: =IF(B20="","",IFERROR(VLOOKUP(SUBSTITUTE(SUBSTITUTE(H20,"~","~~"),"*","~*"),إعدادات_الأنواع!$A$4:$B$40,2,FALSE()),"?")) -> RCS
A21: =IF(B21="","",IF(T21="?","⚠️ نوع غير معرف",T21&TEXT(COUNTIFS($T$3:T21,T21),"000"))) -> RCS019 | B21: بن دامو | C21: حبيب الله | D21: 42071 | E21: ذكر | F21: =IF(D21="","",DATEDIF(D21,TODAY(),"Y")) -> 11 | H21: / | I21: 46194 | J21: =IF(I21="","",I21+30) -> 46224 | K21: مدفوع | L21: =IF(OR(K21="لم يدفع",B21=""),"",IF(K21="تأمين فقط",0,IF(K21="اشتراك 300",300,IF(F21<14,IFERROR(VLOOKUP(SUBSTITUTE(SUBSTITUTE(H21,"~","~~"),"*","~*"),إعدادات_الأنواع!$A$4:$D$40,3,FALSE()),0),IFERROR(VLOOKUP(SUBSTITUTE(SUBSTITUTE(H21,"~","~~"),"*","~*"),إعدادات_الأنواع!$A$4:$D$40,4,FALSE()),0))))) -> 1300 | M21: =IF(OR(K21="لم يدفع",B21=""),"",IFERROR(VLOOKUP(SUBSTITUTE(SUBSTITUTE(H21,"~","~~"),"*","~*"),إعدادات_الأنواع!$A$4:$E$40,5,FALSE()),0)) -> 500 | N21: =IF(OR(K21="لم يدفع",K21="تأمين فقط",K21="اشتراك 300",B21=""),"",IFERROR(VLOOKUP(SUBSTITUTE(SUBSTITUTE(H21,"~","~~"),"*","~*"),إعدادات_الأنواع!$A$4:$F$40,6,FALSE()),0)) -> 1000 | O21: =IF(K21="لم يدفع","",IF(L21="","",IF(N21="",L21+M21,L21+M21))) -> 1800 | P21: =IF(B21="","",IF(K21="لم يدفع","🔒 مجمدة",IF(J21="","",IF(J21<TODAY(),"⛔ منتهي - يتطلب تجديد",IF(J21-5<=TODAY(),"⚠️ قريب الانتهاء","✅ ساري"))))) -> ✅ ساري | Q21: الأحد والأربعاء | R21: 10:00-11:00 | S21: =IF(B21="","",COUNTA(التجديد!E21:E21)) -> 0 | T21: =IF(B21="","",IFERROR(VLOOKUP(SUBSTITUTE(SUBSTITUTE(H21,"~","~~"),"*","~*"),إعدادات_الأنواع!$A$4:$B$40,2,FALSE()),"?")) -> RCS
A22: =IF(B22="","",IF(T22="?","⚠️ نوع غير معرف",T22&TEXT(COUNTIFS($T$3:T22,T22),"000"))) -> RCS020 | B22: خايف | C22: أيمن | D22: 41636 | E22: ذكر | F22: =IF(D22="","",DATEDIF(D22,TODAY(),"Y")) -> 12 | H22: / | I22: 46194 | J22: =IF(I22="","",I22+30) -> 46224 | K22: مدفوع | L22: =IF(OR(K22="لم يدفع",B22=""),"",IF(K22="تأمين فقط",0,IF(K22="اشتراك 300",300,IF(F22<14,IFERROR(VLOOKUP(SUBSTITUTE(SUBSTITUTE(H22,"~","~~"),"*","~*"),إعدادات_الأنواع!$A$4:$D$40,3,FALSE()),0),IFERROR(VLOOKUP(SUBSTITUTE(SUBSTITUTE(H22,"~","~~"),"*","~*"),إعدادات_الأنواع!$A$4:$D$40,4,FALSE()),0))))) -> 1300 | M22: =IF(OR(K22="لم يدفع",B22=""),"",IFERROR(VLOOKUP(SUBSTITUTE(SUBSTITUTE(H22,"~","~~"),"*","~*"),إعدادات_الأنواع!$A$4:$E$40,5,FALSE()),0)) -> 500 | N22: =IF(OR(K22="لم يدفع",K22="تأمين فقط",K22="اشتراك 300",B22=""),"",IFERROR(VLOOKUP(SUBSTITUTE(SUBSTITUTE(H22,"~","~~"),"*","~*"),إعدادات_الأنواع!$A$4:$F$40,6,FALSE()),0)) -> 1000 | O22: =IF(K22="لم يدفع","",IF(L22="","",IF(N22="",L22+M22,L22+M22))) -> 1800 | P22: =IF(B22="","",IF(K22="لم يدفع","🔒 مجمدة",IF(J22="","",IF(J22<TODAY(),"⛔ منتهي - يتطلب تجديد",IF(J22-5<=TODAY(),"⚠️ قريب الانتهاء","✅ ساري"))))) -> ✅ ساري | Q22: الأحد والأربعاء | R22: 10:00-11:00 | S22: =IF(B22="","",COUNTA(التجديد!E22:E22)) -> 0 | T22: =IF(B22="","",IFERROR(VLOOKUP(SUBSTITUTE(SUBSTITUTE(H22,"~","~~"),"*","~*"),إعدادات_الأنواع!$A$4:$B$40,2,FALSE()),"?")) -> RCS
A23: =IF(B23="","",IF(T23="?","⚠️ نوع غير معرف",T23&TEXT(COUNTIFS($T$3:T23,T23),"000"))) -> RCS021 | B23: عقيدة | C23: يونس بهاء الدين | D23: 41922 | E23: ذكر | F23: =IF(D23="","",DATEDIF(D23,TODAY(),"Y")) -> 11 | H23: / | I23: 46194 | J23: =IF(I23="","",I23+30) -> 46224 | K23: مدفوع | L23: =IF(OR(K23="لم يدفع",B23=""),"",IF(K23="تأمين فقط",0,IF(K23="اشتراك 300",300,IF(F23<14,IFERROR(VLOOKUP(SUBSTITUTE(SUBSTITUTE(H23,"~","~~"),"*","~*"),إعدادات_الأنواع!$A$4:$D$40,3,FALSE()),0),IFERROR(VLOOKUP(SUBSTITUTE(SUBSTITUTE(H23,"~","~~"),"*","~*"),إعدادات_الأنواع!$A$4:$D$40,4,FALSE()),0))))) -> 1300 | M23: =IF(OR(K23="لم يدفع",B23=""),"",IFERROR(VLOOKUP(SUBSTITUTE(SUBSTITUTE(H23,"~","~~"),"*","~*"),إعدادات_الأنواع!$A$4:$E$40,5,FALSE()),0)) -> 500 | N23: =IF(OR(K23="لم يدفع",K23="تأمين فقط",K23="اشتراك 300",B23=""),"",IFERROR(VLOOKUP(SUBSTITUTE(SUBSTITUTE(H23,"~","~~"),"*","~*"),إعدادات_الأنواع!$A$4:$F$40,6,FALSE()),0)) -> 1000 | O23: =IF(K23="لم يدفع","",IF(L23="","",IF(N23="",L23+M23,L23+M23))) -> 1800 | P23: =IF(B23="","",IF(K23="لم يدفع","🔒 مجمدة",IF(J23="","",IF(J23<TODAY(),"⛔ منتهي - يتطلب تجديد",IF(J23-5<=TODAY(),"⚠️ قريب الانتهاء","✅ ساري"))))) -> ✅ ساري | Q23: الأحد والأربعاء | R23: 10:00-11:00 | S23: =IF(B23="","",COUNTA(التجديد!E23:E23)) -> 0 | T23: =IF(B23="","",IFERROR(VLOOKUP(SUBSTITUTE(SUBSTITUTE(H23,"~","~~"),"*","~*"),إعدادات_الأنواع!$A$4:$B$40,2,FALSE()),"?")) -> RCS
A24: =IF(B24="","",IF(T24="?","⚠️ نوع غير معرف",T24&TEXT(COUNTIFS($T$3:T24,T24),"000"))) -> RCS022 | B24: عقيدة | C24: أيوب عبد الاله | D24: 43772 | E24: ذكر | F24: =IF(D24="","",DATEDIF(D24,TODAY(),"Y")) -> 6 | H24: / | I24: 46194 | J24: =IF(I24="","",I24+30) -> 46224 | K24: مدفوع | L24: =IF(OR(K24="لم يدفع",B24=""),"",IF(K24="تأمين فقط",0,IF(K24="اشتراك 300",300,IF(F24<14,IFERROR(VLOOKUP(SUBSTITUTE(SUBSTITUTE(H24,"~","~~"),"*","~*"),إعدادات_الأنواع!$A$4:$D$40,3,FALSE()),0),IFERROR(VLOOKUP(SUBSTITUTE(SUBSTITUTE(H24,"~","~~"),"*","~*"),إعدادات_الأنواع!$A$4:$D$40,4,FALSE()),0))))) -> 1300 | M24: =IF(OR(K24="لم يدفع",B24=""),"",IFERROR(VLOOKUP(SUBSTITUTE(SUBSTITUTE(H24,"~","~~"),"*","~*"),إعدادات_الأنواع!$A$4:$E$40,5,FALSE()),0)) -> 500 | N24: =IF(OR(K24="لم يدفع",K24="تأمين فقط",K24="اشتراك 300",B24=""),"",IFERROR(VLOOKUP(SUBSTITUTE(SUBSTITUTE(H24,"~","~~"),"*","~*"),إعدادات_الأنواع!$A$4:$F$40,6,FALSE()),0)) -> 1000 | O24: =IF(K24="لم يدفع","",IF(L24="","",IF(N24="",L24+M24,L24+M24))) -> 1800 | P24: =IF(B24="","",IF(K24="لم يدفع","🔒 مجمدة",IF(J24="","",IF(J24<TODAY(),"⛔ منتهي - يتطلب تجديد",IF(J24-5<=TODAY(),"⚠️ قريب الانتهاء","✅ ساري"))))) -> ✅ ساري | Q24: الأحد والأربعاء | R24: 10:00-11:00 | S24: =IF(B24="","",COUNTA(التجديد!E24:E24)) -> 0 | T24: =IF(B24="","",IFERROR(VLOOKUP(SUBSTITUTE(SUBSTITUTE(H24,"~","~~"),"*","~*"),إعدادات_الأنواع!$A$4:$B$40,2,FALSE()),"?")) -> RCS
A25: =IF(B25="","",IF(T25="?","⚠️ نوع غير معرف",T25&TEXT(COUNTIFS($T$3:T25,T25),"000"))) -> RCS023 | B25: بوعناني | C25: فؤاد | D25: 39118 | E25: ذكر | F25: =IF(D25="","",DATEDIF(D25,TODAY(),"Y")) -> 19 | G25: A+ | H25: DJS | I25: 46194 | J25: =IF(I25="","",I25+30) -> 46224 | K25: مدفوع | L25: =IF(OR(K25="لم يدفع",B25=""),"",IF(K25="تأمين فقط",0,IF(K25="اشتراك 300",300,IF(F25<14,IFERROR(VLOOKUP(SUBSTITUTE(SUBSTITUTE(H25,"~","~~"),"*","~*"),إعدادات_الأنواع!$A$4:$D$40,3,FALSE()),0),IFERROR(VLOOKUP(SUBSTITUTE(SUBSTITUTE(H25,"~","~~"),"*","~*"),إعدادات_الأنواع!$A$4:$D$40,4,FALSE()),0))))) -> 500 | M25: =IF(OR(K25="لم يدفع",B25=""),"",IFERROR(VLOOKUP(SUBSTITUTE(SUBSTITUTE(H25,"~","~~"),"*","~*"),إعدادات_الأنواع!$A$4:$E$40,5,FALSE()),0)) -> 500 | N25: =IF(OR(K25="لم يدفع",K25="تأمين فقط",K25="اشتراك 300",B25=""),"",IFERROR(VLOOKUP(SUBSTITUTE(SUBSTITUTE(H25,"~","~~"),"*","~*"),إعدادات_الأنواع!$A$4:$F$40,6,FALSE()),0)) -> 0 | O25: =IF(K25="لم يدفع","",IF(L25="","",IF(N25="",L25+M25,L25+M25))) -> 1000 | P25: =IF(B25="","",IF(K25="لم يدفع","🔒 مجمدة",IF(J25="","",IF(J25<TODAY(),"⛔ منتهي - يتطلب تجديد",IF(J25-5<=TODAY(),"⚠️ قريب الانتهاء","✅ ساري"))))) -> ✅ ساري | Q25: الأحد والأربعاء | R25: 20:00-21:00 | S25: =IF(B25="","",COUNTA(التجديد!E25:E25)) -> 0 | T25: =IF(B25="","",IFERROR(VLOOKUP(SUBSTITUTE(SUBSTITUTE(H25,"~","~~"),"*","~*"),إعدادات_الأنواع!$A$4:$B$40,2,FALSE()),"?")) -> RCS
A26: =IF(B26="","",IF(T26="?","⚠️ نوع غير معرف",T26&TEXT(COUNTIFS($T$3:T26,T26),"000"))) -> RCS024 | B26: عليلي | C26: محسن عبد الإله | D26: 39422 | E26: ذكر | F26: =IF(D26="","",DATEDIF(D26,TODAY(),"Y")) -> 18 | G26: O+ | H26: / | I26: 46194 | J26: =IF(I26="","",I26+30) -> 46224 | K26: مدفوع | L26: =IF(OR(K26="لم يدفع",B26=""),"",IF(K26="تأمين فقط",0,IF(K26="اشتراك 300",300,IF(F26<14,IFERROR(VLOOKUP(SUBSTITUTE(SUBSTITUTE(H26,"~","~~"),"*","~*"),إعدادات_الأنواع!$A$4:$D$40,3,FALSE()),0),IFERROR(VLOOKUP(SUBSTITUTE(SUBSTITUTE(H26,"~","~~"),"*","~*"),إعدادات_الأنواع!$A$4:$D$40,4,FALSE()),0))))) -> 1500 | M26: =IF(OR(K26="لم يدفع",B26=""),"",IFERROR(VLOOKUP(SUBSTITUTE(SUBSTITUTE(H26,"~","~~"),"*","~*"),إعدادات_الأنواع!$A$4:$E$40,5,FALSE()),0)) -> 500 | N26: =IF(OR(K26="لم يدفع",K26="تأمين فقط",K26="اشتراك 300",B26=""),"",IFERROR(VLOOKUP(SUBSTITUTE(SUBSTITUTE(H26,"~","~~"),"*","~*"),إعدادات_الأنواع!$A$4:$F$40,6,FALSE()),0)) -> 1000 | O26: =IF(K26="لم يدفع","",IF(L26="","",IF(N26="",L26+M26,L26+M26))) -> 2000 | P26: =IF(B26="","",IF(K26="لم يدفع","🔒 مجمدة",IF(J26="","",IF(J26<TODAY(),"⛔ منتهي - يتطلب تجديد",IF(J26-5<=TODAY(),"⚠️ قريب الانتهاء","✅ ساري"))))) -> ✅ ساري | Q26: الأحد والأربعاء | R26: 19:00-20:00 | S26: =IF(B26="","",COUNTA(التجديد!E26:E26)) -> 0 | T26: =IF(B26="","",IFERROR(VLOOKUP(SUBSTITUTE(SUBSTITUTE(H26,"~","~~"),"*","~*"),إعدادات_الأنواع!$A$4:$B$40,2,FALSE()),"?")) -> RCS
A27: =IF(B27="","",IF(T27="?","⚠️ نوع غير معرف",T27&TEXT(COUNTIFS($T$3:T27,T27),"000"))) -> RCS025 | B27: صايم | C27: علي | D27: 39652 | E27: ذكر | F27: =IF(D27="","",DATEDIF(D27,TODAY(),"Y")) -> 17 | G27: A+ | H27: / | I27: 46194 | J27: =IF(I27="","",I27+30) -> 46224 | K27: مدفوع | L27: =IF(OR(K27="لم يدفع",B27=""),"",IF(K27="تأمين فقط",0,IF(K27="اشتراك 300",300,IF(F27<14,IFERROR(VLOOKUP(SUBSTITUTE(SUBSTITUTE(H27,"~","~~"),"*","~*"),إعدادات_الأنواع!$A$4:$D$40,3,FALSE()),0),IFERROR(VLOOKUP(SUBSTITUTE(SUBSTITUTE(H27,"~","~~"),"*","~*"),إعدادات_الأنواع!$A$4:$D$40,4,FALSE()),0))))) -> 1500 | M27: =IF(OR(K27="لم يدفع",B27=""),"",IFERROR(VLOOKUP(SUBSTITUTE(SUBSTITUTE(H27,"~","~~"),"*","~*"),إعدادات_الأنواع!$A$4:$E$40,5,FALSE()),0)) -> 500 | N27: =IF(OR(K27="لم يدفع",K27="تأمين فقط",K27="اشتراك 300",B27=""),"",IFERROR(VLOOKUP(SUBSTITUTE(SUBSTITUTE(H27,"~","~~"),"*","~*"),إعدادات_الأنواع!$A$4:$F$40,6,FALSE()),0)) -> 1000 | O27: =IF(K27="لم يدفع","",IF(L27="","",IF(N27="",L27+M27,L27+M27))) -> 2000 | P27: =IF(B27="","",IF(K27="لم يدفع","🔒 مجمدة",IF(J27="","",IF(J27<TODAY(),"⛔ منتهي - يتطلب تجديد",IF(J27-5<=TODAY(),"⚠️ قريب الانتهاء","✅ ساري"))))) -> ✅ ساري | Q27: الأحد والأربعاء | R27: 19:00-20:00 | S27: =IF(B27="","",COUNTA(التجديد!E27:E27)) -> 0 | T27: =IF(B27="","",IFERROR(VLOOKUP(SUBSTITUTE(SUBSTITUTE(H27,"~","~~"),"*","~*"),إعدادات_الأنواع!$A$4:$B$40,2,FALSE()),"?")) -> RCS
A28: =IF(B28="","",IF(T28="?","⚠️ نوع غير معرف",T28&TEXT(COUNTIFS($T$3:T28,T28),"000"))) -> RCS026 | B28: برياح | C28: ادم | D28: 41796 | E28: ذكر | F28: =IF(D28="","",DATEDIF(D28,TODAY(),"Y")) -> 12 | H28: / | I28: 46194 | J28: =IF(I28="","",I28+30) -> 46224 | K28: مدفوع | L28: =IF(OR(K28="لم يدفع",B28=""),"",IF(K28="تأمين فقط",0,IF(K28="اشتراك 300",300,IF(F28<14,IFERROR(VLOOKUP(SUBSTITUTE(SUBSTITUTE(H28,"~","~~"),"*","~*"),إعدادات_الأنواع!$A$4:$D$40,3,FALSE()),0),IFERROR(VLOOKUP(SUBSTITUTE(SUBSTITUTE(H28,"~","~~"),"*","~*"),إعدادات_الأنواع!$A$4:$D$40,4,FALSE()),0))))) -> 1300 | M28: =IF(OR(K28="لم يدفع",B28=""),"",IFERROR(VLOOKUP(SUBSTITUTE(SUBSTITUTE(H28,"~","~~"),"*","~*"),إعدادات_الأنواع!$A$4:$E$40,5,FALSE()),0)) -> 500 | N28: =IF(OR(K28="لم يدفع",K28="تأمين فقط",K28="اشتراك 300",B28=""),"",IFERROR(VLOOKUP(SUBSTITUTE(SUBSTITUTE(H28,"~","~~"),"*","~*"),إعدادات_الأنواع!$A$4:$F$40,6,FALSE()),0)) -> 1000 | O28: =IF(K28="لم يدفع","",IF(L28="","",IF(N28="",L28+M28,L28+M28))) -> 1800 | P28: =IF(B28="","",IF(K28="لم يدفع","🔒 مجمدة",IF(J28="","",IF(J28<TODAY(),"⛔ منتهي - يتطلب تجديد",IF(J28-5<=TODAY(),"⚠️ قريب الانتهاء","✅ ساري"))))) -> ✅ ساري | Q28: الأحد والأربعاء | R28: 19:00-20:00 | S28: =IF(B28="","",COUNTA(التجديد!E28:E28)) -> 0 | T28: =IF(B28="","",IFERROR(VLOOKUP(SUBSTITUTE(SUBSTITUTE(H28,"~","~~"),"*","~*"),إعدادات_الأنواع!$A$4:$B$40,2,FALSE()),"?")) -> RCS
A29: =IF(B29="","",IF(T29="?","⚠️ نوع غير معرف",T29&TEXT(COUNTIFS($T$3:T29,T29),"000"))) -> RCS027 | B29: برياح | C29: يونس مصعب | D29: 40434 | E29: ذكر | F29: =IF(D29="","",DATEDIF(D29,TODAY(),"Y")) -> 15 | H29: / | I29: 46194 | J29: =IF(I29="","",I29+30) -> 46224 | K29: مدفوع | L29: =IF(OR(K29="لم يدفع",B29=""),"",IF(K29="تأمين فقط",0,IF(K29="اشتراك 300",300,IF(F29<14,IFERROR(VLOOKUP(SUBSTITUTE(SUBSTITUTE(H29,"~","~~"),"*","~*"),إعدادات_الأنواع!$A$4:$D$40,3,FALSE()),0),IFERROR(VLOOKUP(SUBSTITUTE(SUBSTITUTE(H29,"~","~~"),"*","~*"),إعدادات_الأنواع!$A$4:$D$40,4,FALSE()),0))))) -> 1500 | M29: =IF(OR(K29="لم يدفع",B29=""),"",IFERROR(VLOOKUP(SUBSTITUTE(SUBSTITUTE(H29,"~","~~"),"*","~*"),إعدادات_الأنواع!$A$4:$E$40,5,FALSE()),0)) -> 500 | N29: =IF(OR(K29="لم يدفع",K29="تأمين فقط",K29="اشتراك 300",B29=""),"",IFERROR(VLOOKUP(SUBSTITUTE(SUBSTITUTE(H29,"~","~~"),"*","~*"),إعدادات_الأنواع!$A$4:$F$40,6,FALSE()),0)) -> 1000 | O29: =IF(K29="لم يدفع","",IF(L29="","",IF(N29="",L29+M29,L29+M29))) -> 2000 | P29: =IF(B29="","",IF(K29="لم يدفع","🔒 مجمدة",IF(J29="","",IF(J29<TODAY(),"⛔ منتهي - يتطلب تجديد",IF(J29-5<=TODAY(),"⚠️ قريب الانتهاء","✅ ساري"))))) -> ✅ ساري | Q29: الأحد والأربعاء | R29: 19:00-20:00 | S29: =IF(B29="","",COUNTA(التجديد!E29:E29)) -> 0 | T29: =IF(B29="","",IFERROR(VLOOKUP(SUBSTITUTE(SUBSTITUTE(H29,"~","~~"),"*","~*"),إعدادات_الأنواع!$A$4:$B$40,2,FALSE()),"?")) -> RCS
A30: =IF(B30="","",IF(T30="?","⚠️ نوع غير معرف",T30&TEXT(COUNTIFS($T$3:T30,T30),"000"))) -> RCS028 | B30: دادي | C30: مروان رشيد | D30: 40949 | E30: ذكر | F30: =IF(D30="","",DATEDIF(D30,TODAY(),"Y")) -> 14 | G30: O+ | H30: / | I30: 46194 | J30: =IF(I30="","",I30+30) -> 46224 | K30: مدفوع | L30: =IF(OR(K30="لم يدفع",B30=""),"",IF(K30="تأمين فقط",0,IF(K30="اشتراك 300",300,IF(F30<14,IFERROR(VLOOKUP(SUBSTITUTE(SUBSTITUTE(H30,"~","~~"),"*","~*"),إعدادات_الأنواع!$A$4:$D$40,3,FALSE()),0),IFERROR(VLOOKUP(SUBSTITUTE(SUBSTITUTE(H30,"~","~~"),"*","~*"),إعدادات_الأنواع!$A$4:$D$40,4,FALSE()),0))))) -> 1500 | M30: =IF(OR(K30="لم يدفع",B30=""),"",IFERROR(VLOOKUP(SUBSTITUTE(SUBSTITUTE(H30,"~","~~"),"*","~*"),إعدادات_الأنواع!$A$4:$E$40,5,FALSE()),0)) -> 500 | N30: =IF(OR(K30="لم يدفع",K30="تأمين فقط",K30="اشتراك 300",B30=""),"",IFERROR(VLOOKUP(SUBSTITUTE(SUBSTITUTE(H30,"~","~~"),"*","~*"),إعدادات_الأنواع!$A$4:$F$40,6,FALSE()),0)) -> 1000 | O30: =IF(K30="لم يدفع","",IF(L30="","",IF(N30="",L30+M30,L30+M30))) -> 2000 | P30: =IF(B30="","",IF(K30="لم يدفع","🔒 مجمدة",IF(J30="","",IF(J30<TODAY(),"⛔ منتهي - يتطلب تجديد",IF(J30-5<=TODAY(),"⚠️ قريب الانتهاء","✅ ساري"))))) -> ✅ ساري | Q30: الأحد والأربعاء | R30: 19:00-20:00 | S30: =IF(B30="","",COUNTA(التجديد!E30:E30)) -> 0 | T30: =IF(B30="","",IFERROR(VLOOKUP(SUBSTITUTE(SUBSTITUTE(H30,"~","~~"),"*","~*"),إعدادات_الأنواع!$A$4:$B$40,2,FALSE()),"?")) -> RCS
A31: =IF(B31="","",IF(T31="?","⚠️ نوع غير معرف",T31&TEXT(COUNTIFS($T$3:T31,T31),"000"))) -> RCS029 | B31: قوراري | C31: محمد السعيد | D31: 40103 | E31: ذكر | F31: =IF(D31="","",DATEDIF(D31,TODAY(),"Y")) -> 16 | G31: A+ | H31: / | I31: 46194 | J31: =IF(I31="","",I31+30) -> 46224 | K31: مدفوع | L31: =IF(OR(K31="لم يدفع",B31=""),"",IF(K31="تأمين فقط",0,IF(K31="اشتراك 300",300,IF(F31<14,IFERROR(VLOOKUP(SUBSTITUTE(SUBSTITUTE(H31,"~","~~"),"*","~*"),إعدادات_الأنواع!$A$4:$D$40,3,FALSE()),0),IFERROR(VLOOKUP(SUBSTITUTE(SUBSTITUTE(H31,"~","~~"),"*","~*"),إعدادات_الأنواع!$A$4:$D$40,4,FALSE()),0))))) -> 1500 | M31: =IF(OR(K31="لم يدفع",B31=""),"",IFERROR(VLOOKUP(SUBSTITUTE(SUBSTITUTE(H31,"~","~~"),"*","~*"),إعدادات_الأنواع!$A$4:$E$40,5,FALSE()),0)) -> 500 | N31: =IF(OR(K31="لم يدفع",K31="تأمين فقط",K31="اشتراك 300",B31=""),"",IFERROR(VLOOKUP(SUBSTITUTE(SUBSTITUTE(H31,"~","~~"),"*","~*"),إعدادات_الأنواع!$A$4:$F$40,6,FALSE()),0)) -> 1000 | O31: =IF(K31="لم يدفع","",IF(L31="","",IF(N31="",L31+M31,L31+M31))) -> 2000 | P31: =IF(B31="","",IF(K31="لم يدفع","🔒 مجمدة",IF(J31="","",IF(J31<TODAY(),"⛔ منتهي - يتطلب تجديد",IF(J31-5<=TODAY(),"⚠️ قريب الانتهاء","✅ ساري"))))) -> ✅ ساري | Q31: الأحد والأربعاء | R31: 19:00-20:00 | S31: =IF(B31="","",COUNTA(التجديد!E31:E31)) -> 0 | T31: =IF(B31="","",IFERROR(VLOOKUP(SUBSTITUTE(SUBSTITUTE(H31,"~","~~"),"*","~*"),إعدادات_الأنواع!$A$4:$B$40,2,FALSE()),"?")) -> RCS
A32: =IF(B32="","",IF(T32="?","⚠️ نوع غير معرف",T32&TEXT(COUNTIFS($T$3:T32,T32),"000"))) -> RCS030 | B32: حمامي | C32: عبد الكريم | D32: 40834 | E32: ذكر | F32: =IF(D32="","",DATEDIF(D32,TODAY(),"Y")) -> 14 | G32: O+ | H32: / | I32: 46194 | J32: =IF(I32="","",I32+30) -> 46224 | K32: مدفوع | L32: =IF(OR(K32="لم يدفع",B32=""),"",IF(K32="تأمين فقط",0,IF(K32="اشتراك 300",300,IF(F32<14,IFERROR(VLOOKUP(SUBSTITUTE(SUBSTITUTE(H32,"~","~~"),"*","~*"),إعدادات_الأنواع!$A$4:$D$40,3,FALSE()),0),IFERROR(VLOOKUP(SUBSTITUTE(SUBSTITUTE(H32,"~","~~"),"*","~*"),إعدادات_الأنواع!$A$4:$D$40,4,FALSE()),0))))) -> 1500 | M32: =IF(OR(K32="لم يدفع",B32=""),"",IFERROR(VLOOKUP(SUBSTITUTE(SUBSTITUTE(H32,"~","~~"),"*","~*"),إعدادات_الأنواع!$A$4:$E$40,5,FALSE()),0)) -> 500 | N32: =IF(OR(K32="لم يدفع",K32="تأمين فقط",K32="اشتراك 300",B32=""),"",IFERROR(VLOOKUP(SUBSTITUTE(SUBSTITUTE(H32,"~","~~"),"*","~*"),إعدادات_الأنواع!$A$4:$F$40,6,FALSE()),0)) -> 1000 | O32: =IF(K32="لم يدفع","",IF(L32="","",IF(N32="",L32+M32,L32+M32))) -> 2000 | P32: =IF(B32="","",IF(K32="لم يدفع","🔒 مجمدة",IF(J32="","",IF(J32<TODAY(),"⛔ منتهي - يتطلب تجديد",IF(J32-5<=TODAY(),"⚠️ قريب الانتهاء","✅ ساري"))))) -> ✅ ساري | Q32: الأحد والأربعاء | R32: 19:00-20:00 | S32: =IF(B32="","",COUNTA(التجديد!E32:E32)) -> 0 | T32: =IF(B32="","",IFERROR(VLOOKUP(SUBSTITUTE(SUBSTITUTE(H32,"~","~~"),"*","~*"),إعدادات_الأنواع!$A$4:$B$40,2,FALSE()),"?")) -> RCS
A33: =IF(B33="","",IF(T33="?","⚠️ نوع غير معرف",T33&TEXT(COUNTIFS($T$3:T33,T33),"000"))) -> RCS031 | B33: مرتضى | C33: عبد الرزاق شيخ | D33: 39937 | E33: ذكر | F33: =IF(D33="","",DATEDIF(D33,TODAY(),"Y")) -> 17 | H33: / | I33: 46194 | J33: =IF(I33="","",I33+30) -> 46224 | K33: مدفوع | L33: =IF(OR(K33="لم يدفع",B33=""),"",IF(K33="تأمين فقط",0,IF(K33="اشتراك 300",300,IF(F33<14,IFERROR(VLOOKUP(SUBSTITUTE(SUBSTITUTE(H33,"~","~~"),"*","~*"),إعدادات_الأنواع!$A$4:$D$40,3,FALSE()),0),IFERROR(VLOOKUP(SUBSTITUTE(SUBSTITUTE(H33,"~","~~"),"*","~*"),إعدادات_الأنواع!$A$4:$D$40,4,FALSE()),0))))) -> 1500 | M33: =IF(OR(K33="لم يدفع",B33=""),"",IFERROR(VLOOKUP(SUBSTITUTE(SUBSTITUTE(H33,"~","~~"),"*","~*"),إعدادات_الأنواع!$A$4:$E$40,5,FALSE()),0)) -> 500 | N33: =IF(OR(K33="لم يدفع",K33="تأمين فقط",K33="اشتراك 300",B33=""),"",IFERROR(VLOOKUP(SUBSTITUTE(SUBSTITUTE(H33,"~","~~"),"*","~*"),إعدادات_الأنواع!$A$4:$F$40,6,FALSE()),0)) -> 1000 | O33: =IF(K33="لم يدفع","",IF(L33="","",IF(N33="",L33+M33,L33+M33))) -> 2000 | P33: =IF(B33="","",IF(K33="لم يدفع","🔒 مجمدة",IF(J33="","",IF(J33<TODAY(),"⛔ منتهي - يتطلب تجديد",IF(J33-5<=TODAY(),"⚠️ قريب الانتهاء","✅ ساري"))))) -> ✅ ساري | Q33: الأحد والأربعاء | R33: 19:00-20:00 | S33: =IF(B33="","",COUNTA(التجديد!E33:E33)) -> 0 | T33: =IF(B33="","",IFERROR(VLOOKUP(SUBSTITUTE(SUBSTITUTE(H33,"~","~~"),"*","~*"),إعدادات_الأنواع!$A$4:$B$40,2,FALSE()),"?")) -> RCS
A34: =IF(B34="","",IF(T34="?","⚠️ نوع غير معرف",T34&TEXT(COUNTIFS($T$3:T34,T34),"000"))) -> RCS032 | B34: بوكراع | C34: يوسف الصديق | D34: 41356 | E34: ذكر | F34: =IF(D34="","",DATEDIF(D34,TODAY(),"Y")) -> 13 | H34: / | I34: 46194 | J34: =IF(I34="","",I34+30) -> 46224 | K34: مدفوع | L34: =IF(OR(K34="لم يدفع",B34=""),"",IF(K34="تأمين فقط",0,IF(K34="اشتراك 300",300,IF(F34<14,IFERROR(VLOOKUP(SUBSTITUTE(SUBSTITUTE(H34,"~","~~"),"*","~*"),إعدادات_الأنواع!$A$4:$D$40,3,FALSE()),0),IFERROR(VLOOKUP(SUBSTITUTE(SUBSTITUTE(H34,"~","~~"),"*","~*"),إعدادات_الأنواع!$A$4:$D$40,4,FALSE()),0))))) -> 1300 | M34: =IF(OR(K34="لم يدفع",B34=""),"",IFERROR(VLOOKUP(SUBSTITUTE(SUBSTITUTE(H34,"~","~~"),"*","~*"),إعدادات_الأنواع!$A$4:$E$40,5,FALSE()),0)) -> 500 | N34: =IF(OR(K34="لم يدفع",K34="تأمين فقط",K34="اشتراك 300",B34=""),"",IFERROR(VLOOKUP(SUBSTITUTE(SUBSTITUTE(H34,"~","~~"),"*","~*"),إعدادات_الأنواع!$A$4:$F$40,6,FALSE()),0)) -> 1000 | O34: =IF(K34="لم يدفع","",IF(L34="","",IF(N34="",L34+M34,L34+M34))) -> 1800 | P34: =IF(B34="","",IF(K34="لم يدفع","🔒 مجمدة",IF(J34="","",IF(J34<TODAY(),"⛔ منتهي - يتطلب تجديد",IF(J34-5<=TODAY(),"⚠️ قريب الانتهاء","✅ ساري"))))) -> ✅ ساري | Q34: الأحد والأربعاء | R34: 19:00-20:00 | S34: =IF(B34="","",COUNTA(التجديد!E34:E34)) -> 0 | T34: =IF(B34="","",IFERROR(VLOOKUP(SUBSTITUTE(SUBSTITUTE(H34,"~","~~"),"*","~*"),إعدادات_الأنواع!$A$4:$B$40,2,FALSE()),"?")) -> RCS
A35: =IF(B35="","",IF(T35="?","⚠️ نوع غير معرف",T35&TEXT(COUNTIFS($T$3:T35,T35),"000"))) -> RCS033 | B35: لبوخ | C35: نصر الدين | D35: 40580 | E35: ذكر | F35: =IF(D35="","",DATEDIF(D35,TODAY(),"Y")) -> 15 | H35: / | I35: 46194 | J35: =IF(I35="","",I35+30) -> 46224 | K35: مدفوع | L35: =IF(OR(K35="لم يدفع",B35=""),"",IF(K35="تأمين فقط",0,IF(K35="اشتراك 300",300,IF(F35<14,IFERROR(VLOOKUP(SUBSTITUTE(SUBSTITUTE(H35,"~","~~"),"*","~*"),إعدادات_الأنواع!$A$4:$D$40,3,FALSE()),0),IFERROR(VLOOKUP(SUBSTITUTE(SUBSTITUTE(H35,"~","~~"),"*","~*"),إعدادات_الأنواع!$A$4:$D$40,4,FALSE()),0))))) -> 1500 | M35: =IF(OR(K35="لم يدفع",B35=""),"",IFERROR(VLOOKUP(SUBSTITUTE(SUBSTITUTE(H35,"~","~~"),"*","~*"),إعدادات_الأنواع!$A$4:$E$40,5,FALSE()),0)) -> 500 | N35: =IF(OR(K35="لم يدفع",K35="تأمين فقط",K35="اشتراك 300",B35=""),"",IFERROR(VLOOKUP(SUBSTITUTE(SUBSTITUTE(H35,"~","~~"),"*","~*"),إعدادات_الأنواع!$A$4:$F$40,6,FALSE()),0)) -> 1000 | O35: =IF(K35="لم يدفع","",IF(L35="","",IF(N35="",L35+M35,L35+M35))) -> 2000 | P35: =IF(B35="","",IF(K35="لم يدفع","🔒 مجمدة",IF(J35="","",IF(J35<TODAY(),"⛔ منتهي - يتطلب تجديد",IF(J35-5<=TODAY(),"⚠️ قريب الانتهاء","✅ ساري"))))) -> ✅ ساري | Q35: الأحد والأربعاء | R35: 19:00-20:00 | S35: =IF(B35="","",COUNTA(التجديد!E35:E35)) -> 0 | T35: =IF(B35="","",IFERROR(VLOOKUP(SUBSTITUTE(SUBSTITUTE(H35,"~","~~"),"*","~*"),إعدادات_الأنواع!$A$4:$B$40,2,FALSE()),"?")) -> RCS
A36: =IF(B36="","",IF(T36="?","⚠️ نوع غير معرف",T36&TEXT(COUNTIFS($T$3:T36,T36),"000"))) -> RCS034 | B36: جرفي | C36: حسين | D36: 38830 | E36: ذكر | F36: =IF(D36="","",DATEDIF(D36,TODAY(),"Y")) -> 20 | H36: / | I36: 46194 | J36: =IF(I36="","",I36+30) -> 46224 | K36: مدفوع | L36: =IF(OR(K36="لم يدفع",B36=""),"",IF(K36="تأمين فقط",0,IF(K36="اشتراك 300",300,IF(F36<14,IFERROR(VLOOKUP(SUBSTITUTE(SUBSTITUTE(H36,"~","~~"),"*","~*"),إعدادات_الأنواع!$A$4:$D$40,3,FALSE()),0),IFERROR(VLOOKUP(SUBSTITUTE(SUBSTITUTE(H36,"~","~~"),"*","~*"),إعدادات_الأنواع!$A$4:$D$40,4,FALSE()),0))))) -> 1500 | M36: =IF(OR(K36="لم يدفع",B36=""),"",IFERROR(VLOOKUP(SUBSTITUTE(SUBSTITUTE(H36,"~","~~"),"*","~*"),إعدادات_الأنواع!$A$4:$E$40,5,FALSE()),0)) -> 500 | N36: =IF(OR(K36="لم يدفع",K36="تأمين فقط",K36="اشتراك 300",B36=""),"",IFERROR(VLOOKUP(SUBSTITUTE(SUBSTITUTE(H36,"~","~~"),"*","~*"),إعدادات_الأنواع!$A$4:$F$40,6,FALSE()),0)) -> 1000 | O36: =IF(K36="لم يدفع","",IF(L36="","",IF(N36="",L36+M36,L36+M36))) -> 2000 | P36: =IF(B36="","",IF(K36="لم يدفع","🔒 مجمدة",IF(J36="","",IF(J36<TODAY(),"⛔ منتهي - يتطلب تجديد",IF(J36-5<=TODAY(),"⚠️ قريب الانتهاء","✅ ساري"))))) -> ✅ ساري | Q36: الأحد والأربعاء | R36: 19:00-20:00 | S36: =IF(B36="","",COUNTA(التجديد!E36:E36)) -> 0 | T36: =IF(B36="","",IFERROR(VLOOKUP(SUBSTITUTE(SUBSTITUTE(H36,"~","~~"),"*","~*"),إعدادات_الأنواع!$A$4:$B$40,2,FALSE()),"?")) -> RCS
A37: =IF(B37="","",IF(T37="?","⚠️ نوع غير معرف",T37&TEXT(COUNTIFS($T$3:T37,T37),"000"))) -> RCS035 | B37: راي | C37: أحمد الجيلالي | D37: 33975 | E37: ذكر | F37: =IF(D37="","",DATEDIF(D37,TODAY(),"Y")) -> 33 | H37: / | I37: 46194 | J37: =IF(I37="","",I37+30) -> 46224 | K37: مدفوع | L37: =IF(OR(K37="لم يدفع",B37=""),"",IF(K37="تأمين فقط",0,IF(K37="اشتراك 300",300,IF(F37<14,IFERROR(VLOOKUP(SUBSTITUTE(SUBSTITUTE(H37,"~","~~"),"*","~*"),إعدادات_الأنواع!$A$4:$D$40,3,FALSE()),0),IFERROR(VLOOKUP(SUBSTITUTE(SUBSTITUTE(H37,"~","~~"),"*","~*"),إعدادات_الأنواع!$A$4:$D$40,4,FALSE()),0))))) -> 1500 | M37: =IF(OR(K37="لم يدفع",B37=""),"",IFERROR(VLOOKUP(SUBSTITUTE(SUBSTITUTE(H37,"~","~~"),"*","~*"),إعدادات_الأنواع!$A$4:$E$40,5,FALSE()),0)) -> 500 | N37: =IF(OR(K37="لم يدفع",K37="تأمين فقط",K37="اشتراك 300",B37=""),"",IFERROR(VLOOKUP(SUBSTITUTE(SUBSTITUTE(H37,"~","~~"),"*","~*"),إعدادات_الأنواع!$A$4:$F$40,6,FALSE()),0)) -> 1000 | O37: =IF(K37="لم يدفع","",IF(L37="","",IF(N37="",L37+M37,L37+M37))) -> 2000 | P37: =IF(B37="","",IF(K37="لم يدفع","🔒 مجمدة",IF(J37="","",IF(J37<TODAY(),"⛔ منتهي - يتطلب تجديد",IF(J37-5<=TODAY(),"⚠️ قريب الانتهاء","✅ ساري"))))) -> ✅ ساري | Q37: الأحد والأربعاء | R37: 19:00-20:00 | S37: =IF(B37="","",COUNTA(التجديد!E37:E37)) -> 0 | T37: =IF(B37="","",IFERROR(VLOOKUP(SUBSTITUTE(SUBSTITUTE(H37,"~","~~"),"*","~*"),إعدادات_الأنواع!$A$4:$B$40,2,FALSE()),"?")) -> RCS
A38: =IF(B38="","",IF(T38="?","⚠️ نوع غير معرف",T38&TEXT(COUNTIFS($T$3:T38,T38),"000"))) -> RCS036 | B38: فلاح | C38: عبد الكريم | D38: 27915 | E38: ذكر | F38: =IF(D38="","",DATEDIF(D38,TODAY(),"Y")) -> 50 | H38: / | I38: 46194 | J38: =IF(I38="","",I38+30) -> 46224 | K38: مدفوع | L38: =IF(OR(K38="لم يدفع",B38=""),"",IF(K38="تأمين فقط",0,IF(K38="اشتراك 300",300,IF(F38<14,IFERROR(VLOOKUP(SUBSTITUTE(SUBSTITUTE(H38,"~","~~"),"*","~*"),إعدادات_الأنواع!$A$4:$D$40,3,FALSE()),0),IFERROR(VLOOKUP(SUBSTITUTE(SUBSTITUTE(H38,"~","~~"),"*","~*"),إعدادات_الأنواع!$A$4:$D$40,4,FALSE()),0))))) -> 1500 | M38: =IF(OR(K38="لم يدفع",B38=""),"",IFERROR(VLOOKUP(SUBSTITUTE(SUBSTITUTE(H38,"~","~~"),"*","~*"),إعدادات_الأنواع!$A$4:$E$40,5,FALSE()),0)) -> 500 | N38: =IF(OR(K38="لم يدفع",K38="تأمين فقط",K38="اشتراك 300",B38=""),"",IFERROR(VLOOKUP(SUBSTITUTE(SUBSTITUTE(H38,"~","~~"),"*","~*"),إعدادات_الأنواع!$A$4:$F$40,6,FALSE()),0)) -> 1000 | O38: =IF(K38="لم يدفع","",IF(L38="","",IF(N38="",L38+M38,L38+M38))) -> 2000 | P38: =IF(B38="","",IF(K38="لم يدفع","🔒 مجمدة",IF(J38="","",IF(J38<TODAY(),"⛔ منتهي - يتطلب تجديد",IF(J38-5<=TODAY(),"⚠️ قريب الانتهاء","✅ ساري"))))) -> ✅ ساري | Q38: الأحد والأربعاء | R38: 19:00-20:00 | S38: =IF(B38="","",COUNTA(التجديد!E38:E38)) -> 0 | T38: =IF(B38="","",IFERROR(VLOOKUP(SUBSTITUTE(SUBSTITUTE(H38,"~","~~"),"*","~*"),إعدادات_الأنواع!$A$4:$B$40,2,FALSE()),"?")) -> RCS
A39: =IF(B39="","",IF(T39="?","⚠️ نوع غير معرف",T39&TEXT(COUNTIFS($T$3:T39,T39),"000"))) -> RCS037 | B39: كروم | C39: عمر الفاروق | D39: 40822 | E39: ذكر | F39: =IF(D39="","",DATEDIF(D39,TODAY(),"Y")) -> 14 | H39: / | I39: 46194 | J39: =IF(I39="","",I39+30) -> 46224 | K39: مدفوع | L39: =IF(OR(K39="لم يدفع",B39=""),"",IF(K39="تأمين فقط",0,IF(K39="اشتراك 300",300,IF(F39<14,IFERROR(VLOOKUP(SUBSTITUTE(SUBSTITUTE(H39,"~","~~"),"*","~*"),إعدادات_الأنواع!$A$4:$D$40,3,FALSE()),0),IFERROR(VLOOKUP(SUBSTITUTE(SUBSTITUTE(H39,"~","~~"),"*","~*"),إعدادات_الأنواع!$A$4:$D$40,4,FALSE()),0))))) -> 1500 | M39: =IF(OR(K39="لم يدفع",B39=""),"",IFERROR(VLOOKUP(SUBSTITUTE(SUBSTITUTE(H39,"~","~~"),"*","~*"),إعدادات_الأنواع!$A$4:$E$40,5,FALSE()),0)) -> 500 | N39: =IF(OR(K39="لم يدفع",K39="تأمين فقط",K39="اشتراك 300",B39=""),"",IFERROR(VLOOKUP(SUBSTITUTE(SUBSTITUTE(H39,"~","~~"),"*","~*"),إعدادات_الأنواع!$A$4:$F$40,6,FALSE()),0)) -> 1000 | O39: =IF(K39="لم يدفع","",IF(L39="","",IF(N39="",L39+M39,L39+M39))) -> 2000 | P39: =IF(B39="","",IF(K39="لم يدفع","🔒 مجمدة",IF(J39="","",IF(J39<TODAY(),"⛔ منتهي - يتطلب تجديد",IF(J39-5<=TODAY(),"⚠️ قريب الانتهاء","✅ ساري"))))) -> ✅ ساري | Q39: الأحد والأربعاء | R39: 10:00-11:00 | S39: =IF(B39="","",COUNTA(التجديد!E39:E39)) -> 0 | T39: =IF(B39="","",IFERROR(VLOOKUP(SUBSTITUTE(SUBSTITUTE(H39,"~","~~"),"*","~*"),إعدادات_الأنواع!$A$4:$B$40,2,FALSE()),"?")) -> RCS
A40: =IF(B40="","",IF(T40="?","⚠️ نوع غير معرف",T40&TEXT(COUNTIFS($T$3:T40,T40),"000"))) -> RCS038 | B40: قاسمي | C40: صهيب | D40: 43725 | E40: ذكر | F40: =IF(D40="","",DATEDIF(D40,TODAY(),"Y")) -> 6 | H40: / | I40: 46197 | J40: =IF(I40="","",I40+30) -> 46227 | K40: مدفوع | L40: =IF(OR(K40="لم يدفع",B40=""),"",IF(K40="تأمين فقط",0,IF(K40="اشتراك 300",300,IF(F40<14,IFERROR(VLOOKUP(SUBSTITUTE(SUBSTITUTE(H40,"~","~~"),"*","~*"),إعدادات_الأنواع!$A$4:$D$40,3,FALSE()),0),IFERROR(VLOOKUP(SUBSTITUTE(SUBSTITUTE(H40,"~","~~"),"*","~*"),إعدادات_الأنواع!$A$4:$D$40,4,FALSE()),0))))) -> 1300 | M40: =IF(OR(K40="لم يدفع",B40=""),"",IFERROR(VLOOKUP(SUBSTITUTE(SUBSTITUTE(H40,"~","~~"),"*","~*"),إعدادات_الأنواع!$A$4:$E$40,5,FALSE()),0)) -> 500 | N40: =IF(OR(K40="لم يدفع",K40="تأمين فقط",K40="اشتراك 300",B40=""),"",IFERROR(VLOOKUP(SUBSTITUTE(SUBSTITUTE(H40,"~","~~"),"*","~*"),إعدادات_الأنواع!$A$4:$F$40,6,FALSE()),0)) -> 1000 | O40: =IF(K40="لم يدفع","",IF(L40="","",IF(N40="",L40+M40,L40+M40))) -> 1800 | P40: =IF(B40="","",IF(K40="لم يدفع","🔒 مجمدة",IF(J40="","",IF(J40<TODAY(),"⛔ منتهي - يتطلب تجديد",IF(J40-5<=TODAY(),"⚠️ قريب الانتهاء","✅ ساري"))))) -> ✅ ساري | Q40: الأحد والأربعاء | R40: 10:00-11:00 | S40: =IF(B40="","",COUNTA(التجديد!E40:E40)) -> 0 | T40: =IF(B40="","",IFERROR(VLOOKUP(SUBSTITUTE(SUBSTITUTE(H40,"~","~~"),"*","~*"),إعدادات_الأنواع!$A$4:$B$40,2,FALSE()),"?")) -> RCS
A41: =IF(B41="","",IF(T41="?","⚠️ نوع غير معرف",T41&TEXT(COUNTIFS($T$3:T41,T41),"000"))) -> RCS039 | B41: ولد | C41: قادة يونس | D41: 36975 | E41: ذكر | F41: =IF(D41="","",DATEDIF(D41,TODAY(),"Y")) -> 25 | G41: O+ | H41: / | I41: 46194 | J41: =IF(I41="","",I41+30) -> 46224 | K41: مدفوع | L41: =IF(OR(K41="لم يدفع",B41=""),"",IF(K41="تأمين فقط",0,IF(K41="اشتراك 300",300,IF(F41<14,IFERROR(VLOOKUP(SUBSTITUTE(SUBSTITUTE(H41,"~","~~"),"*","~*"),إعدادات_الأنواع!$A$4:$D$40,3,FALSE()),0),IFERROR(VLOOKUP(SUBSTITUTE(SUBSTITUTE(H41,"~","~~"),"*","~*"),إعدادات_الأنواع!$A$4:$D$40,4,FALSE()),0))))) -> 1500 | M41: =IF(OR(K41="لم يدفع",B41=""),"",IFERROR(VLOOKUP(SUBSTITUTE(SUBSTITUTE(H41,"~","~~"),"*","~*"),إعدادات_الأنواع!$A$4:$E$40,5,FALSE()),0)) -> 500 | N41: =IF(OR(K41="لم يدفع",K41="تأمين فقط",K41="اشتراك 300",B41=""),"",IFERROR(VLOOKUP(SUBSTITUTE(SUBSTITUTE(H41,"~","~~"),"*","~*"),إعدادات_الأنواع!$A$4:$F$40,6,FALSE()),0)) -> 1000 | O41: =IF(K41="لم يدفع","",IF(L41="","",IF(N41="",L41+M41,L41+M41))) -> 2000 | P41: =IF(B41="","",IF(K41="لم يدفع","🔒 مجمدة",IF(J41="","",IF(J41<TODAY(),"⛔ منتهي - يتطلب تجديد",IF(J41-5<=TODAY(),"⚠️ قريب الانتهاء","✅ ساري"))))) -> ✅ ساري | Q41: الأحد والأربعاء | R41: 19:00-20:00 | S41: =IF(B41="","",COUNTA(التجديد!E41:E41)) -> 0 | T41: =IF(B41="","",IFERROR(VLOOKUP(SUBSTITUTE(SUBSTITUTE(H41,"~","~~"),"*","~*"),إعدادات_الأنواع!$A$4:$B$40,2,FALSE()),"?")) -> RCS
A42: =IF(B42="","",IF(T42="?","⚠️ نوع غير معرف",T42&TEXT(COUNTIFS($T$3:T42,T42),"000"))) -> RCS040 | B42: بلخضر | C42: عبد الوهاب | D42: 40406 | E42: ذكر | F42: =IF(D42="","",DATEDIF(D42,TODAY(),"Y")) -> 15 | G42: O+ | H42: / | I42: 46194 | J42: =IF(I42="","",I42+30) -> 46224 | K42: مدفوع | L42: =IF(OR(K42="لم يدفع",B42=""),"",IF(K42="تأمين فقط",0,IF(K42="اشتراك 300",300,IF(F42<14,IFERROR(VLOOKUP(SUBSTITUTE(SUBSTITUTE(H42,"~","~~"),"*","~*"),إعدادات_الأنواع!$A$4:$D$40,3,FALSE()),0),IFERROR(VLOOKUP(SUBSTITUTE(SUBSTITUTE(H42,"~","~~"),"*","~*"),إعدادات_الأنواع!$A$4:$D$40,4,FALSE()),0))))) -> 1500 | M42: =IF(OR(K42="لم يدفع",B42=""),"",IFERROR(VLOOKUP(SUBSTITUTE(SUBSTITUTE(H42,"~","~~"),"*","~*"),إعدادات_الأنواع!$A$4:$E$40,5,FALSE()),0)) -> 500 | N42: =IF(OR(K42="لم يدفع",K42="تأمين فقط",K42="اشتراك 300",B42=""),"",IFERROR(VLOOKUP(SUBSTITUTE(SUBSTITUTE(H42,"~","~~"),"*","~*"),إعدادات_الأنواع!$A$4:$F$40,6,FALSE()),0)) -> 1000 | O42: =IF(K42="لم يدفع","",IF(L42="","",IF(N42="",L42+M42,L42+M42))) -> 2000 | P42: =IF(B42="","",IF(K42="لم يدفع","🔒 مجمدة",IF(J42="","",IF(J42<TODAY(),"⛔ منتهي - يتطلب تجديد",IF(J42-5<=TODAY(),"⚠️ قريب الانتهاء","✅ ساري"))))) -> ✅ ساري | Q42: الأحد والأربعاء | R42: 19:00-20:00 | S42: =IF(B42="","",COUNTA(التجديد!E42:E42)) -> 0 | T42: =IF(B42="","",IFERROR(VLOOKUP(SUBSTITUTE(SUBSTITUTE(H42,"~","~~"),"*","~*"),إعدادات_الأنواع!$A$4:$B$40,2,FALSE()),"?")) -> RCS
A43: =IF(B43="","",IF(T43="?","⚠️ نوع غير معرف",T43&TEXT(COUNTIFS($T$3:T43,T43),"000"))) -> RCS041 | B43: يزيد | C43: اميرة ملاك | D43: 41836 | E43: أنثى | F43: =IF(D43="","",DATEDIF(D43,TODAY(),"Y")) -> 11 | G43: B+ | H43: / | I43: 46197 | J43: =IF(I43="","",I43+30) -> 46227 | K43: مدفوع | L43: =IF(OR(K43="لم يدفع",B43=""),"",IF(K43="تأمين فقط",0,IF(K43="اشتراك 300",300,IF(F43<14,IFERROR(VLOOKUP(SUBSTITUTE(SUBSTITUTE(H43,"~","~~"),"*","~*"),إعدادات_الأنواع!$A$4:$D$40,3,FALSE()),0),IFERROR(VLOOKUP(SUBSTITUTE(SUBSTITUTE(H43,"~","~~"),"*","~*"),إعدادات_الأنواع!$A$4:$D$40,4,FALSE()),0))))) -> 1300 | M43: =IF(OR(K43="لم يدفع",B43=""),"",IFERROR(VLOOKUP(SUBSTITUTE(SUBSTITUTE(H43,"~","~~"),"*","~*"),إعدادات_الأنواع!$A$4:$E$40,5,FALSE()),0)) -> 500 | N43: =IF(OR(K43="لم يدفع",K43="تأمين فقط",K43="اشتراك 300",B43=""),"",IFERROR(VLOOKUP(SUBSTITUTE(SUBSTITUTE(H43,"~","~~"),"*","~*"),إعدادات_الأنواع!$A$4:$F$40,6,FALSE()),0)) -> 1000 | O43: =IF(K43="لم يدفع","",IF(L43="","",IF(N43="",L43+M43,L43+M43))) -> 1800 | P43: =IF(B43="","",IF(K43="لم يدفع","🔒 مجمدة",IF(J43="","",IF(J43<TODAY(),"⛔ منتهي - يتطلب تجديد",IF(J43-5<=TODAY(),"⚠️ قريب الانتهاء","✅ ساري"))))) -> ✅ ساري | Q43: الأحد والأربعاء | R43: 9:00-10:00 | S43: =IF(B43="","",COUNTA(التجديد!E43:E43)) -> 0 | T43: =IF(B43="","",IFERROR(VLOOKUP(SUBSTITUTE(SUBSTITUTE(H43,"~","~~"),"*","~*"),إعدادات_الأنواع!$A$4:$B$40,2,FALSE()),"?")) -> RCS
A44: =IF(B44="","",IF(T44="?","⚠️ نوع غير معرف",T44&TEXT(COUNTIFS($T$3:T44,T44),"000"))) -> RCS042 | B44: بومدين | C44: اسلام مختار | D44: 41795 | E44: ذكر | F44: =IF(D44="","",DATEDIF(D44,TODAY(),"Y")) -> 12 | H44: / | I44: 46197 | J44: =IF(I44="","",I44+30) -> 46227 | K44: مدفوع | L44: =IF(OR(K44="لم يدفع",B44=""),"",IF(K44="تأمين فقط",0,IF(K44="اشتراك 300",300,IF(F44<14,IFERROR(VLOOKUP(SUBSTITUTE(SUBSTITUTE(H44,"~","~~"),"*","~*"),إعدادات_الأنواع!$A$4:$D$40,3,FALSE()),0),IFERROR(VLOOKUP(SUBSTITUTE(SUBSTITUTE(H44,"~","~~"),"*","~*"),إعدادات_الأنواع!$A$4:$D$40,4,FALSE()),0))))) -> 1300 | M44: =IF(OR(K44="لم يدفع",B44=""),"",IFERROR(VLOOKUP(SUBSTITUTE(SUBSTITUTE(H44,"~","~~"),"*","~*"),إعدادات_الأنواع!$A$4:$E$40,5,FALSE()),0)) -> 500 | N44: =IF(OR(K44="لم يدفع",K44="تأمين فقط",K44="اشتراك 300",B44=""),"",IFERROR(VLOOKUP(SUBSTITUTE(SUBSTITUTE(H44,"~","~~"),"*","~*"),إعدادات_الأنواع!$A$4:$F$40,6,FALSE()),0)) -> 1000 | O44: =IF(K44="لم يدفع","",IF(L44="","",IF(N44="",L44+M44,L44+M44))) -> 1800 | P44: =IF(B44="","",IF(K44="لم يدفع","🔒 مجمدة",IF(J44="","",IF(J44<TODAY(),"⛔ منتهي - يتطلب تجديد",IF(J44-5<=TODAY(),"⚠️ قريب الانتهاء","✅ ساري"))))) -> ✅ ساري | Q44: الأحد والأربعاء | R44: 19:00-20:00 | S44: =IF(B44="","",COUNTA(التجديد!E44:E44)) -> 0 | T44: =IF(B44="","",IFERROR(VLOOKUP(SUBSTITUTE(SUBSTITUTE(H44,"~","~~"),"*","~*"),إعدادات_الأنواع!$A$4:$B$40,2,FALSE()),"?")) -> RCS
A45: =IF(B45="","",IF(T45="?","⚠️ نوع غير معرف",T45&TEXT(COUNTIFS($T$3:T45,T45),"000"))) -> RCS043 | B45: بن | C45: يمينة محمد عبد المجيد | D45: 40866 | E45: ذكر | F45: =IF(D45="","",DATEDIF(D45,TODAY(),"Y")) -> 14 | G45: O+ | H45: / | I45: 46197 | J45: =IF(I45="","",I45+30) -> 46227 | K45: مدفوع | L45: =IF(OR(K45="لم يدفع",B45=""),"",IF(K45="تأمين فقط",0,IF(K45="اشتراك 300",300,IF(F45<14,IFERROR(VLOOKUP(SUBSTITUTE(SUBSTITUTE(H45,"~","~~"),"*","~*"),إعدادات_الأنواع!$A$4:$D$40,3,FALSE()),0),IFERROR(VLOOKUP(SUBSTITUTE(SUBSTITUTE(H45,"~","~~"),"*","~*"),إعدادات_الأنواع!$A$4:$D$40,4,FALSE()),0))))) -> 1500 | M45: =IF(OR(K45="لم يدفع",B45=""),"",IFERROR(VLOOKUP(SUBSTITUTE(SUBSTITUTE(H45,"~","~~"),"*","~*"),إعدادات_الأنواع!$A$4:$E$40,5,FALSE()),0)) -> 500 | N45: =IF(OR(K45="لم يدفع",K45="تأمين فقط",K45="اشتراك 300",B45=""),"",IFERROR(VLOOKUP(SUBSTITUTE(SUBSTITUTE(H45,"~","~~"),"*","~*"),إعدادات_الأنواع!$A$4:$F$40,6,FALSE()),0)) -> 1000 | O45: =IF(K45="لم يدفع","",IF(L45="","",IF(N45="",L45+M45,L45+M45))) -> 2000 | P45: =IF(B45="","",IF(K45="لم يدفع","🔒 مجمدة",IF(J45="","",IF(J45<TODAY(),"⛔ منتهي - يتطلب تجديد",IF(J45-5<=TODAY(),"⚠️ قريب الانتهاء","✅ ساري"))))) -> ✅ ساري | Q45: الأحد والأربعاء | R45: 19:00-20:00 | S45: =IF(B45="","",COUNTA(التجديد!E45:E45)) -> 0 | T45: =IF(B45="","",IFERROR(VLOOKUP(SUBSTITUTE(SUBSTITUTE(H45,"~","~~"),"*","~*"),إعدادات_الأنواع!$A$4:$B$40,2,FALSE()),"?")) -> RCS
A46: =IF(B46="","",IF(T46="?","⚠️ نوع غير معرف",T46&TEXT(COUNTIFS($T$3:T46,T46),"000"))) -> RCS044 | B46: عبدلي | C46: خلود | D46: 41196 | E46: أنثى | F46: =IF(D46="","",DATEDIF(D46,TODAY(),"Y")) -> 13 | H46: / | I46: 46197 | J46: =IF(I46="","",I46+30) -> 46227 | K46: مدفوع | L46: =IF(OR(K46="لم يدفع",B46=""),"",IF(K46="تأمين فقط",0,IF(K46="اشتراك 300",300,IF(F46<14,IFERROR(VLOOKUP(SUBSTITUTE(SUBSTITUTE(H46,"~","~~"),"*","~*"),إعدادات_الأنواع!$A$4:$D$40,3,FALSE()),0),IFERROR(VLOOKUP(SUBSTITUTE(SUBSTITUTE(H46,"~","~~"),"*","~*"),إعدادات_الأنواع!$A$4:$D$40,4,FALSE()),0))))) -> 1300 | M46: =IF(OR(K46="لم يدفع",B46=""),"",IFERROR(VLOOKUP(SUBSTITUTE(SUBSTITUTE(H46,"~","~~"),"*","~*"),إعدادات_الأنواع!$A$4:$E$40,5,FALSE()),0)) -> 500 | N46: =IF(OR(K46="لم يدفع",K46="تأمين فقط",K46="اشتراك 300",B46=""),"",IFERROR(VLOOKUP(SUBSTITUTE(SUBSTITUTE(H46,"~","~~"),"*","~*"),إعدادات_الأنواع!$A$4:$F$40,6,FALSE()),0)) -> 1000 | O46: =IF(K46="لم يدفع","",IF(L46="","",IF(N46="",L46+M46,L46+M46))) -> 1800 | P46: =IF(B46="","",IF(K46="لم يدفع","🔒 مجمدة",IF(J46="","",IF(J46<TODAY(),"⛔ منتهي - يتطلب تجديد",IF(J46-5<=TODAY(),"⚠️ قريب الانتهاء","✅ ساري"))))) -> ✅ ساري | Q46: الأحد والأربعاء | R46: 9:00-10:00 | S46: =IF(B46="","",COUNTA(التجديد!E46:E46)) -> 0 | T46: =IF(B46="","",IFERROR(VLOOKUP(SUBSTITUTE(SUBSTITUTE(H46,"~","~~"),"*","~*"),إعدادات_الأنواع!$A$4:$B$40,2,FALSE()),"?")) -> RCS
A47: =IF(B47="","",IF(T47="?","⚠️ نوع غير معرف",T47&TEXT(COUNTIFS($T$3:T47,T47),"000"))) -> RCS045 | B47: بومدين | C47: لجين رؤيا | D47: 42709 | E47: أنثى | F47: =IF(D47="","",DATEDIF(D47,TODAY(),"Y")) -> 9 | H47: / | I47: 46197 | J47: =IF(I47="","",I47+30) -> 46227 | K47: مدفوع | L47: =IF(OR(K47="لم يدفع",B47=""),"",IF(K47="تأمين فقط",0,IF(K47="اشتراك 300",300,IF(F47<14,IFERROR(VLOOKUP(SUBSTITUTE(SUBSTITUTE(H47,"~","~~"),"*","~*"),إعدادات_الأنواع!$A$4:$D$40,3,FALSE()),0),IFERROR(VLOOKUP(SUBSTITUTE(SUBSTITUTE(H47,"~","~~"),"*","~*"),إعدادات_الأنواع!$A$4:$D$40,4,FALSE()),0))))) -> 1300 | M47: =IF(OR(K47="لم يدفع",B47=""),"",IFERROR(VLOOKUP(SUBSTITUTE(SUBSTITUTE(H47,"~","~~"),"*","~*"),إعدادات_الأنواع!$A$4:$E$40,5,FALSE()),0)) -> 500 | N47: =IF(OR(K47="لم يدفع",K47="تأمين فقط",K47="اشتراك 300",B47=""),"",IFERROR(VLOOKUP(SUBSTITUTE(SUBSTITUTE(H47,"~","~~"),"*","~*"),إعدادات_الأنواع!$A$4:$F$40,6,FALSE()),0)) -> 1000 | O47: =IF(K47="لم يدفع","",IF(L47="","",IF(N47="",L47+M47,L47+M47))) -> 1800 | P47: =IF(B47="","",IF(K47="لم يدفع","🔒 مجمدة",IF(J47="","",IF(J47<TODAY(),"⛔ منتهي - يتطلب تجديد",IF(J47-5<=TODAY(),"⚠️ قريب الانتهاء","✅ ساري"))))) -> ✅ ساري | Q47: الأحد والأربعاء | R47: 9:00-10:00 | S47: =IF(B47="","",COUNTA(التجديد!E47:E47)) -> 0 | T47: =IF(B47="","",IFERROR(VLOOKUP(SUBSTITUTE(SUBSTITUTE(H47,"~","~~"),"*","~*"),إعدادات_الأنواع!$A$4:$B$40,2,FALSE()),"?")) -> RCS
A48: =IF(B48="","",IF(T48="?","⚠️ نوع غير معرف",T48&TEXT(COUNTIFS($T$3:T48,T48),"000"))) -> RCS046 | B48: كراش | C48: محمد | D48: 40199 | E48: ذكر | F48: =IF(D48="","",DATEDIF(D48,TODAY(),"Y")) -> 16 | H48: / | I48: 46197 | J48: =IF(I48="","",I48+30) -> 46227 | K48: مدفوع | L48: =IF(OR(K48="لم يدفع",B48=""),"",IF(K48="تأمين فقط",0,IF(K48="اشتراك 300",300,IF(F48<14,IFERROR(VLOOKUP(SUBSTITUTE(SUBSTITUTE(H48,"~","~~"),"*","~*"),إعدادات_الأنواع!$A$4:$D$40,3,FALSE()),0),IFERROR(VLOOKUP(SUBSTITUTE(SUBSTITUTE(H48,"~","~~"),"*","~*"),إعدادات_الأنواع!$A$4:$D$40,4,FALSE()),0))))) -> 1500 | M48: =IF(OR(K48="لم يدفع",B48=""),"",IFERROR(VLOOKUP(SUBSTITUTE(SUBSTITUTE(H48,"~","~~"),"*","~*"),إعدادات_الأنواع!$A$4:$E$40,5,FALSE()),0)) -> 500 | N48: =IF(OR(K48="لم يدفع",K48="تأمين فقط",K48="اشتراك 300",B48=""),"",IFERROR(VLOOKUP(SUBSTITUTE(SUBSTITUTE(H48,"~","~~"),"*","~*"),إعدادات_الأنواع!$A$4:$F$40,6,FALSE()),0)) -> 1000 | O48: =IF(K48="لم يدفع","",IF(L48="","",IF(N48="",L48+M48,L48+M48))) -> 2000 | P48: =IF(B48="","",IF(K48="لم يدفع","🔒 مجمدة",IF(J48="","",IF(J48<TODAY(),"⛔ منتهي - يتطلب تجديد",IF(J48-5<=TODAY(),"⚠️ قريب الانتهاء","✅ ساري"))))) -> ✅ ساري | Q48: الأحد والأربعاء | R48: 10:00-11:00 | S48: =IF(B48="","",COUNTA(التجديد!E48:E48)) -> 0 | T48: =IF(B48="","",IFERROR(VLOOKUP(SUBSTITUTE(SUBSTITUTE(H48,"~","~~"),"*","~*"),إعدادات_الأنواع!$A$4:$B$40,2,FALSE()),"?")) -> RCS
A49: =IF(B49="","",IF(T49="?","⚠️ نوع غير معرف",T49&TEXT(COUNTIFS($T$3:T49,T49),"000"))) -> RCS047 | B49: مسكين | C49: رشاد عبد الكريم | D49: 40555 | E49: ذكر | F49: =IF(D49="","",DATEDIF(D49,TODAY(),"Y")) -> 15 | H49: / | I49: 46197 | J49: =IF(I49="","",I49+30) -> 46227 | K49: لم يدفع | L49: =IF(OR(K49="لم يدفع",B49=""),"",IF(K49="تأمين فقط",0,IF(K49="اشتراك 300",300,IF(F49<14,IFERROR(VLOOKUP(SUBSTITUTE(SUBSTITUTE(H49,"~","~~"),"*","~*"),إعدادات_الأنواع!$A$4:$D$40,3,FALSE()),0),IFERROR(VLOOKUP(SUBSTITUTE(SUBSTITUTE(H49,"~","~~"),"*","~*"),إعدادات_الأنواع!$A$4:$D$40,4,FALSE()),0))))) | M49: =IF(OR(K49="لم يدفع",B49=""),"",IFERROR(VLOOKUP(SUBSTITUTE(SUBSTITUTE(H49,"~","~~"),"*","~*"),إعدادات_الأنواع!$A$4:$E$40,5,FALSE()),0)) | N49: =IF(OR(K49="لم يدفع",K49="تأمين فقط",K49="اشتراك 300",B49=""),"",IFERROR(VLOOKUP(SUBSTITUTE(SUBSTITUTE(H49,"~","~~"),"*","~*"),إعدادات_الأنواع!$A$4:$F$40,6,FALSE()),0)) | O49: =IF(K49="لم يدفع","",IF(L49="","",IF(N49="",L49+M49,L49+M49))) | P49: =IF(B49="","",IF(K49="لم يدفع","🔒 مجمدة",IF(J49="","",IF(J49<TODAY(),"⛔ منتهي - يتطلب تجديد",IF(J49-5<=TODAY(),"⚠️ قريب الانتهاء","✅ ساري"))))) -> 🔒 مجمدة | Q49: الأحد والأربعاء | R49: 19:00-20:00 | S49: =IF(B49="","",COUNTA(التجديد!E49:E49)) -> 0 | T49: =IF(B49="","",IFERROR(VLOOKUP(SUBSTITUTE(SUBSTITUTE(H49,"~","~~"),"*","~*"),إعدادات_الأنواع!$A$4:$B$40,2,FALSE()),"?")) -> RCS
A50: =IF(B50="","",IF(T50="?","⚠️ نوع غير معرف",T50&TEXT(COUNTIFS($T$3:T50,T50),"000"))) -> RCS048 | B50: سوسي | C50: شيخ | D50: 41721 | E50: ذكر | F50: =IF(D50="","",DATEDIF(D50,TODAY(),"Y")) -> 12 | G50: B+ | H50: / | I50: 46197 | J50: =IF(I50="","",I50+30) -> 46227 | K50: مدفوع | L50: =IF(OR(K50="لم يدفع",B50=""),"",IF(K50="تأمين فقط",0,IF(K50="اشتراك 300",300,IF(F50<14,IFERROR(VLOOKUP(SUBSTITUTE(SUBSTITUTE(H50,"~","~~"),"*","~*"),إعدادات_الأنواع!$A$4:$D$40,3,FALSE()),0),IFERROR(VLOOKUP(SUBSTITUTE(SUBSTITUTE(H50,"~","~~"),"*","~*"),إعدادات_الأنواع!$A$4:$D$40,4,FALSE()),0))))) -> 1300 | M50: =IF(OR(K50="لم يدفع",B50=""),"",IFERROR(VLOOKUP(SUBSTITUTE(SUBSTITUTE(H50,"~","~~"),"*","~*"),إعدادات_الأنواع!$A$4:$E$40,5,FALSE()),0)) -> 500 | N50: =IF(OR(K50="لم يدفع",K50="تأمين فقط",K50="اشتراك 300",B50=""),"",IFERROR(VLOOKUP(SUBSTITUTE(SUBSTITUTE(H50,"~","~~"),"*","~*"),إعدادات_الأنواع!$A$4:$F$40,6,FALSE()),0)) -> 1000 | O50: =IF(K50="لم يدفع","",IF(L50="","",IF(N50="",L50+M50,L50+M50))) -> 1800 | P50: =IF(B50="","",IF(K50="لم يدفع","🔒 مجمدة",IF(J50="","",IF(J50<TODAY(),"⛔ منتهي - يتطلب تجديد",IF(J50-5<=TODAY(),"⚠️ قريب الانتهاء","✅ ساري"))))) -> ✅ ساري | Q50: الأحد والأربعاء | R50: 10:00-11:00 | S50: =IF(B50="","",COUNTA(التجديد!E50:E50)) -> 0 | T50: =IF(B50="","",IFERROR(VLOOKUP(SUBSTITUTE(SUBSTITUTE(H50,"~","~~"),"*","~*"),إعدادات_الأنواع!$A$4:$B$40,2,FALSE()),"?")) -> RCS
A51: =IF(B51="","",IF(T51="?","⚠️ نوع غير معرف",T51&TEXT(COUNTIFS($T$3:T51,T51),"000"))) -> RCS049 | B51: درقاوي | C51: هاني سيف الاسلام | D51: 44509 | E51: ذكر | F51: =IF(D51="","",DATEDIF(D51,TODAY(),"Y")) -> 4 | H51: / | I51: 46197 | J51: =IF(I51="","",I51+30) -> 46227 | K51: مدفوع | L51: =IF(OR(K51="لم يدفع",B51=""),"",IF(K51="تأمين فقط",0,IF(K51="اشتراك 300",300,IF(F51<14,IFERROR(VLOOKUP(SUBSTITUTE(SUBSTITUTE(H51,"~","~~"),"*","~*"),إعدادات_الأنواع!$A$4:$D$40,3,FALSE()),0),IFERROR(VLOOKUP(SUBSTITUTE(SUBSTITUTE(H51,"~","~~"),"*","~*"),إعدادات_الأنواع!$A$4:$D$40,4,FALSE()),0))))) -> 1300 | M51: =IF(OR(K51="لم يدفع",B51=""),"",IFERROR(VLOOKUP(SUBSTITUTE(SUBSTITUTE(H51,"~","~~"),"*","~*"),إعدادات_الأنواع!$A$4:$E$40,5,FALSE()),0)) -> 500 | N51: =IF(OR(K51="لم يدفع",K51="تأمين فقط",K51="اشتراك 300",B51=""),"",IFERROR(VLOOKUP(SUBSTITUTE(SUBSTITUTE(H51,"~","~~"),"*","~*"),إعدادات_الأنواع!$A$4:$F$40,6,FALSE()),0)) -> 1000 | O51: =IF(K51="لم يدفع","",IF(L51="","",IF(N51="",L51+M51,L51+M51))) -> 1800 | P51: =IF(B51="","",IF(K51="لم يدفع","🔒 مجمدة",IF(J51="","",IF(J51<TODAY(),"⛔ منتهي - يتطلب تجديد",IF(J51-5<=TODAY(),"⚠️ قريب الانتهاء","✅ ساري"))))) -> ✅ ساري | Q51: الأحد والأربعاء | R51: 10:00-11:00 | S51: =IF(B51="","",COUNTA(التجديد!E51:E51)) -> 0 | T51: =IF(B51="","",IFERROR(VLOOKUP(SUBSTITUTE(SUBSTITUTE(H51,"~","~~"),"*","~*"),إعدادات_الأنواع!$A$4:$B$40,2,FALSE()),"?")) -> RCS
A52: =IF(B52="","",IF(T52="?","⚠️ نوع غير معرف",T52&TEXT(COUNTIFS($T$3:T52,T52),"000"))) -> RCS050 | B52: فرحي | C52: لينا سهام | D52: 42489 | E52: أنثى | F52: =IF(D52="","",DATEDIF(D52,TODAY(),"Y")) -> 10 | H52: / | I52: 46197 | J52: =IF(I52="","",I52+30) -> 46227 | K52: مدفوع | L52: =IF(OR(K52="لم يدفع",B52=""),"",IF(K52="تأمين فقط",0,IF(K52="اشتراك 300",300,IF(F52<14,IFERROR(VLOOKUP(SUBSTITUTE(SUBSTITUTE(H52,"~","~~"),"*","~*"),إعدادات_الأنواع!$A$4:$D$40,3,FALSE()),0),IFERROR(VLOOKUP(SUBSTITUTE(SUBSTITUTE(H52,"~","~~"),"*","~*"),إعدادات_الأنواع!$A$4:$D$40,4,FALSE()),0))))) -> 1300 | M52: =IF(OR(K52="لم يدفع",B52=""),"",IFERROR(VLOOKUP(SUBSTITUTE(SUBSTITUTE(H52,"~","~~"),"*","~*"),إعدادات_الأنواع!$A$4:$E$40,5,FALSE()),0)) -> 500 | N52: =IF(OR(K52="لم يدفع",K52="تأمين فقط",K52="اشتراك 300",B52=""),"",IFERROR(VLOOKUP(SUBSTITUTE(SUBSTITUTE(H52,"~","~~"),"*","~*"),إعدادات_الأنواع!$A$4:$F$40,6,FALSE()),0)) -> 1000 | O52: =IF(K52="لم يدفع","",IF(L52="","",IF(N52="",L52+M52,L52+M52))) -> 1800 | P52: =IF(B52="","",IF(K52="لم يدفع","🔒 مجمدة",IF(J52="","",IF(J52<TODAY(),"⛔ منتهي - يتطلب تجديد",IF(J52-5<=TODAY(),"⚠️ قريب الانتهاء","✅ ساري"))))) -> ✅ ساري | Q52: الأحد والأربعاء | R52: 9:00-10:00 | S52: =IF(B52="","",COUNTA(التجديد!E52:E52)) -> 0 | T52: =IF(B52="","",IFERROR(VLOOKUP(SUBSTITUTE(SUBSTITUTE(H52,"~","~~"),"*","~*"),إعدادات_الأنواع!$A$4:$B$40,2,FALSE()),"?")) -> RCS
A53: =IF(B53="","",IF(T53="?","⚠️ نوع غير معرف",T53&TEXT(COUNTIFS($T$3:T53,T53),"000"))) -> RCS051 | B53: حشمان | C53: عبد المالك | D53: 42484 | E53: ذكر | F53: =IF(D53="","",DATEDIF(D53,TODAY(),"Y")) -> 10 | H53: / | I53: 46197 | J53: =IF(I53="","",I53+30) -> 46227 | K53: مدفوع | L53: =IF(OR(K53="لم يدفع",B53=""),"",IF(K53="تأمين فقط",0,IF(K53="اشتراك 300",300,IF(F53<14,IFERROR(VLOOKUP(SUBSTITUTE(SUBSTITUTE(H53,"~","~~"),"*","~*"),إعدادات_الأنواع!$A$4:$D$40,3,FALSE()),0),IFERROR(VLOOKUP(SUBSTITUTE(SUBSTITUTE(H53,"~","~~"),"*","~*"),إعدادات_الأنواع!$A$4:$D$40,4,FALSE()),0))))) -> 1300 | M53: =IF(OR(K53="لم يدفع",B53=""),"",IFERROR(VLOOKUP(SUBSTITUTE(SUBSTITUTE(H53,"~","~~"),"*","~*"),إعدادات_الأنواع!$A$4:$E$40,5,FALSE()),0)) -> 500 | N53: =IF(OR(K53="لم يدفع",K53="تأمين فقط",K53="اشتراك 300",B53=""),"",IFERROR(VLOOKUP(SUBSTITUTE(SUBSTITUTE(H53,"~","~~"),"*","~*"),إعدادات_الأنواع!$A$4:$F$40,6,FALSE()),0)) -> 1000 | O53: =IF(K53="لم يدفع","",IF(L53="","",IF(N53="",L53+M53,L53+M53))) -> 1800 | P53: =IF(B53="","",IF(K53="لم يدفع","🔒 مجمدة",IF(J53="","",IF(J53<TODAY(),"⛔ منتهي - يتطلب تجديد",IF(J53-5<=TODAY(),"⚠️ قريب الانتهاء","✅ ساري"))))) -> ✅ ساري | Q53: الأحد والأربعاء | R53: 10:00-11:00 | S53: =IF(B53="","",COUNTA(التجديد!E53:E53)) -> 0 | T53: =IF(B53="","",IFERROR(VLOOKUP(SUBSTITUTE(SUBSTITUTE(H53,"~","~~"),"*","~*"),إعدادات_الأنواع!$A$4:$B$40,2,FALSE()),"?")) -> RCS
A54: =IF(B54="","",IF(T54="?","⚠️ نوع غير معرف",T54&TEXT(COUNTIFS($T$3:T54,T54),"000"))) -> RCS052 | B54: حشمان | C54: اسلام | D54: 43703 | E54: ذكر | F54: =IF(D54="","",DATEDIF(D54,TODAY(),"Y")) -> 6 | H54: / | I54: 46197 | J54: =IF(I54="","",I54+30) -> 46227 | K54: مدفوع | L54: =IF(OR(K54="لم يدفع",B54=""),"",IF(K54="تأمين فقط",0,IF(K54="اشتراك 300",300,IF(F54<14,IFERROR(VLOOKUP(SUBSTITUTE(SUBSTITUTE(H54,"~","~~"),"*","~*"),إعدادات_الأنواع!$A$4:$D$40,3,FALSE()),0),IFERROR(VLOOKUP(SUBSTITUTE(SUBSTITUTE(H54,"~","~~"),"*","~*"),إعدادات_الأنواع!$A$4:$D$40,4,FALSE()),0))))) -> 1300 | M54: =IF(OR(K54="لم يدفع",B54=""),"",IFERROR(VLOOKUP(SUBSTITUTE(SUBSTITUTE(H54,"~","~~"),"*","~*"),إعدادات_الأنواع!$A$4:$E$40,5,FALSE()),0)) -> 500 | N54: =IF(OR(K54="لم يدفع",K54="تأمين فقط",K54="اشتراك 300",B54=""),"",IFERROR(VLOOKUP(SUBSTITUTE(SUBSTITUTE(H54,"~","~~"),"*","~*"),إعدادات_الأنواع!$A$4:$F$40,6,FALSE()),0)) -> 1000 | O54: =IF(K54="لم يدفع","",IF(L54="","",IF(N54="",L54+M54,L54+M54))) -> 1800 | P54: =IF(B54="","",IF(K54="لم يدفع","🔒 مجمدة",IF(J54="","",IF(J54<TODAY(),"⛔ منتهي - يتطلب تجديد",IF(J54-5<=TODAY(),"⚠️ قريب الانتهاء","✅ ساري"))))) -> ✅ ساري | Q54: الأحد والأربعاء | R54: 10:00-11:00 | S54: =IF(B54="","",COUNTA(التجديد!E54:E54)) -> 0 | T54: =IF(B54="","",IFERROR(VLOOKUP(SUBSTITUTE(SUBSTITUTE(H54,"~","~~"),"*","~*"),إعدادات_الأنواع!$A$4:$B$40,2,FALSE()),"?")) -> RCS
A55: =IF(B55="","",IF(T55="?","⚠️ نوع غير معرف",T55&TEXT(COUNTIFS($T$3:T55,T55),"000"))) -> RCS053 | B55: حملات | C55: اكرم | D55: 41820 | E55: ذكر | F55: =IF(D55="","",DATEDIF(D55,TODAY(),"Y")) -> 12 | H55: / | I55: 46197 | J55: =IF(I55="","",I55+30) -> 46227 | K55: مدفوع | L55: =IF(OR(K55="لم يدفع",B55=""),"",IF(K55="تأمين فقط",0,IF(K55="اشتراك 300",300,IF(F55<14,IFERROR(VLOOKUP(SUBSTITUTE(SUBSTITUTE(H55,"~","~~"),"*","~*"),إعدادات_الأنواع!$A$4:$D$40,3,FALSE()),0),IFERROR(VLOOKUP(SUBSTITUTE(SUBSTITUTE(H55,"~","~~"),"*","~*"),إعدادات_الأنواع!$A$4:$D$40,4,FALSE()),0))))) -> 1300 | M55: =IF(OR(K55="لم يدفع",B55=""),"",IFERROR(VLOOKUP(SUBSTITUTE(SUBSTITUTE(H55,"~","~~"),"*","~*"),إعدادات_الأنواع!$A$4:$E$40,5,FALSE()),0)) -> 500 | N55: =IF(OR(K55="لم يدفع",K55="تأمين فقط",K55="اشتراك 300",B55=""),"",IFERROR(VLOOKUP(SUBSTITUTE(SUBSTITUTE(H55,"~","~~"),"*","~*"),إعدادات_الأنواع!$A$4:$F$40,6,FALSE()),0)) -> 1000 | O55: =IF(K55="لم يدفع","",IF(L55="","",IF(N55="",L55+M55,L55+M55))) -> 1800 | P55: =IF(B55="","",IF(K55="لم يدفع","🔒 مجمدة",IF(J55="","",IF(J55<TODAY(),"⛔ منتهي - يتطلب تجديد",IF(J55-5<=TODAY(),"⚠️ قريب الانتهاء","✅ ساري"))))) -> ✅ ساري | Q55: الأحد والأربعاء | R55: 19:00-20:00 | S55: =IF(B55="","",COUNTA(التجديد!E55:E55)) -> 0 | T55: =IF(B55="","",IFERROR(VLOOKUP(SUBSTITUTE(SUBSTITUTE(H55,"~","~~"),"*","~*"),إعدادات_الأنواع!$A$4:$B$40,2,FALSE()),"?")) -> RCS
A56: =IF(B56="","",IF(T56="?","⚠️ نوع غير معرف",T56&TEXT(COUNTIFS($T$3:T56,T56),"000"))) -> RCS054 | B56: حملات | C56: محمد الامين | D56: 41106 | E56: ذكر | F56: =IF(D56="","",DATEDIF(D56,TODAY(),"Y")) -> 13 | H56: / | I56: 46197 | J56: =IF(I56="","",I56+30) -> 46227 | K56: مدفوع | L56: =IF(OR(K56="لم يدفع",B56=""),"",IF(K56="تأمين فقط",0,IF(K56="اشتراك 300",300,IF(F56<14,IFERROR(VLOOKUP(SUBSTITUTE(SUBSTITUTE(H56,"~","~~"),"*","~*"),إعدادات_الأنواع!$A$4:$D$40,3,FALSE()),0),IFERROR(VLOOKUP(SUBSTITUTE(SUBSTITUTE(H56,"~","~~"),"*","~*"),إعدادات_الأنواع!$A$4:$D$40,4,FALSE()),0))))) -> 1300 | M56: =IF(OR(K56="لم يدفع",B56=""),"",IFERROR(VLOOKUP(SUBSTITUTE(SUBSTITUTE(H56,"~","~~"),"*","~*"),إعدادات_الأنواع!$A$4:$E$40,5,FALSE()),0)) -> 500 | N56: =IF(OR(K56="لم يدفع",K56="تأمين فقط",K56="اشتراك 300",B56=""),"",IFERROR(VLOOKUP(SUBSTITUTE(SUBSTITUTE(H56,"~","~~"),"*","~*"),إعدادات_الأنواع!$A$4:$F$40,6,FALSE()),0)) -> 1000 | O56: =IF(K56="لم يدفع","",IF(L56="","",IF(N56="",L56+M56,L56+M56))) -> 1800 | P56: =IF(B56="","",IF(K56="لم يدفع","🔒 مجمدة",IF(J56="","",IF(J56<TODAY(),"⛔ منتهي - يتطلب تجديد",IF(J56-5<=TODAY(),"⚠️ قريب الانتهاء","✅ ساري"))))) -> ✅ ساري | Q56: الأحد والأربعاء | R56: 19:00-20:00 | S56: =IF(B56="","",COUNTA(التجديد!E56:E56)) -> 0 | T56: =IF(B56="","",IFERROR(VLOOKUP(SUBSTITUTE(SUBSTITUTE(H56,"~","~~"),"*","~*"),إعدادات_الأنواع!$A$4:$B$40,2,FALSE()),"?")) -> RCS
A57: =IF(B57="","",IF(T57="?","⚠️ نوع غير معرف",T57&TEXT(COUNTIFS($T$3:T57,T57),"000"))) -> RCS055 | B57: عقيدة | C57: الياس | D57: 40227 | E57: ذكر | F57: =IF(D57="","",DATEDIF(D57,TODAY(),"Y")) -> 16 | H57: / | I57: 46197 | J57: =IF(I57="","",I57+30) -> 46227 | K57: لم يدفع | L57: =IF(OR(K57="لم يدفع",B57=""),"",IF(K57="تأمين فقط",0,IF(K57="اشتراك 300",300,IF(F57<14,IFERROR(VLOOKUP(SUBSTITUTE(SUBSTITUTE(H57,"~","~~"),"*","~*"),إعدادات_الأنواع!$A$4:$D$40,3,FALSE()),0),IFERROR(VLOOKUP(SUBSTITUTE(SUBSTITUTE(H57,"~","~~"),"*","~*"),إعدادات_الأنواع!$A$4:$D$40,4,FALSE()),0))))) | M57: =IF(OR(K57="لم يدفع",B57=""),"",IFERROR(VLOOKUP(SUBSTITUTE(SUBSTITUTE(H57,"~","~~"),"*","~*"),إعدادات_الأنواع!$A$4:$E$40,5,FALSE()),0)) | N57: =IF(OR(K57="لم يدفع",K57="تأمين فقط",K57="اشتراك 300",B57=""),"",IFERROR(VLOOKUP(SUBSTITUTE(SUBSTITUTE(H57,"~","~~"),"*","~*"),إعدادات_الأنواع!$A$4:$F$40,6,FALSE()),0)) | O57: =IF(K57="لم يدفع","",IF(L57="","",IF(N57="",L57+M57,L57+M57))) | P57: =IF(B57="","",IF(K57="لم يدفع","🔒 مجمدة",IF(J57="","",IF(J57<TODAY(),"⛔ منتهي - يتطلب تجديد",IF(J57-5<=TODAY(),"⚠️ قريب الانتهاء","✅ ساري"))))) -> 🔒 مجمدة | Q57: الأحد والأربعاء | R57: 19:00-20:00 | S57: =IF(B57="","",COUNTA(التجديد!E57:E57)) -> 0 | T57: =IF(B57="","",IFERROR(VLOOKUP(SUBSTITUTE(SUBSTITUTE(H57,"~","~~"),"*","~*"),إعدادات_الأنواع!$A$4:$B$40,2,FALSE()),"?")) -> RCS
A58: =IF(B58="","",IF(T58="?","⚠️ نوع غير معرف",T58&TEXT(COUNTIFS($T$3:T58,T58),"000"))) -> RCS056 | B58: بلعربي | C58: ابراهيم الخليل | D58: 42900 | E58: ذكر | F58: =IF(D58="","",DATEDIF(D58,TODAY(),"Y")) -> 9 | H58: / | I58: 46197 | J58: =IF(I58="","",I58+30) -> 46227 | K58: لم يدفع | L58: =IF(OR(K58="لم يدفع",B58=""),"",IF(K58="تأمين فقط",0,IF(K58="اشتراك 300",300,IF(F58<14,IFERROR(VLOOKUP(SUBSTITUTE(SUBSTITUTE(H58,"~","~~"),"*","~*"),إعدادات_الأنواع!$A$4:$D$40,3,FALSE()),0),IFERROR(VLOOKUP(SUBSTITUTE(SUBSTITUTE(H58,"~","~~"),"*","~*"),إعدادات_الأنواع!$A$4:$D$40,4,FALSE()),0))))) | M58: =IF(OR(K58="لم يدفع",B58=""),"",IFERROR(VLOOKUP(SUBSTITUTE(SUBSTITUTE(H58,"~","~~"),"*","~*"),إعدادات_الأنواع!$A$4:$E$40,5,FALSE()),0)) | N58: =IF(OR(K58="لم يدفع",K58="تأمين فقط",K58="اشتراك 300",B58=""),"",IFERROR(VLOOKUP(SUBSTITUTE(SUBSTITUTE(H58,"~","~~"),"*","~*"),إعدادات_الأنواع!$A$4:$F$40,6,FALSE()),0)) | O58: =IF(K58="لم يدفع","",IF(L58="","",IF(N58="",L58+M58,L58+M58))) | P58: =IF(B58="","",IF(K58="لم يدفع","🔒 مجمدة",IF(J58="","",IF(J58<TODAY(),"⛔ منتهي - يتطلب تجديد",IF(J58-5<=TODAY(),"⚠️ قريب الانتهاء","✅ ساري"))))) -> 🔒 مجمدة | Q58: الأحد والأربعاء | R58: 19:00-20:00 | S58: =IF(B58="","",COUNTA(التجديد!E58:E58)) -> 0 | T58: =IF(B58="","",IFERROR(VLOOKUP(SUBSTITUTE(SUBSTITUTE(H58,"~","~~"),"*","~*"),إعدادات_الأنواع!$A$4:$B$40,2,FALSE()),"?")) -> RCS
A59: =IF(B59="","",IF(T59="?","⚠️ نوع غير معرف",T59&TEXT(COUNTIFS($T$3:T59,T59),"000"))) -> RCS057 | B59: بلعربي | C59: محمد | D59: 42320 | E59: ذكر | F59: =IF(D59="","",DATEDIF(D59,TODAY(),"Y")) -> 10 | H59: / | I59: 46197 | J59: =IF(I59="","",I59+30) -> 46227 | K59: لم يدفع | L59: =IF(OR(K59="لم يدفع",B59=""),"",IF(K59="تأمين فقط",0,IF(K59="اشتراك 300",300,IF(F59<14,IFERROR(VLOOKUP(SUBSTITUTE(SUBSTITUTE(H59,"~","~~"),"*","~*"),إعدادات_الأنواع!$A$4:$D$40,3,FALSE()),0),IFERROR(VLOOKUP(SUBSTITUTE(SUBSTITUTE(H59,"~","~~"),"*","~*"),إعدادات_الأنواع!$A$4:$D$40,4,FALSE()),0))))) | M59: =IF(OR(K59="لم يدفع",B59=""),"",IFERROR(VLOOKUP(SUBSTITUTE(SUBSTITUTE(H59,"~","~~"),"*","~*"),إعدادات_الأنواع!$A$4:$E$40,5,FALSE()),0)) | N59: =IF(OR(K59="لم يدفع",K59="تأمين فقط",K59="اشتراك 300",B59=""),"",IFERROR(VLOOKUP(SUBSTITUTE(SUBSTITUTE(H59,"~","~~"),"*","~*"),إعدادات_الأنواع!$A$4:$F$40,6,FALSE()),0)) | O59: =IF(K59="لم يدفع","",IF(L59="","",IF(N59="",L59+M59,L59+M59))) | P59: =IF(B59="","",IF(K59="لم يدفع","🔒 مجمدة",IF(J59="","",IF(J59<TODAY(),"⛔ منتهي - يتطلب تجديد",IF(J59-5<=TODAY(),"⚠️ قريب الانتهاء","✅ ساري"))))) -> 🔒 مجمدة | Q59: الأحد والأربعاء | R59: 10:00-11:00 | S59: =IF(B59="","",COUNTA(التجديد!E59:E59)) -> 0 | T59: =IF(B59="","",IFERROR(VLOOKUP(SUBSTITUTE(SUBSTITUTE(H59,"~","~~"),"*","~*"),إعدادات_الأنواع!$A$4:$B$40,2,FALSE()),"?")) -> RCS
A60: =IF(B60="","",IF(T60="?","⚠️ نوع غير معرف",T60&TEXT(COUNTIFS($T$3:T60,T60),"000"))) -> RCS058 | B60: بوبقار | C60: زوبير | D60: 40553 | E60: ذكر | F60: =IF(D60="","",DATEDIF(D60,TODAY(),"Y")) -> 15 | H60: / | I60: 46197 | J60: =IF(I60="","",I60+30) -> 46227 | K60: مدفوع | L60: =IF(OR(K60="لم يدفع",B60=""),"",IF(K60="تأمين فقط",0,IF(K60="اشتراك 300",300,IF(F60<14,IFERROR(VLOOKUP(SUBSTITUTE(SUBSTITUTE(H60,"~","~~"),"*","~*"),إعدادات_الأنواع!$A$4:$D$40,3,FALSE()),0),IFERROR(VLOOKUP(SUBSTITUTE(SUBSTITUTE(H60,"~","~~"),"*","~*"),إعدادات_الأنواع!$A$4:$D$40,4,FALSE()),0))))) -> 1500 | M60: =IF(OR(K60="لم يدفع",B60=""),"",IFERROR(VLOOKUP(SUBSTITUTE(SUBSTITUTE(H60,"~","~~"),"*","~*"),إعدادات_الأنواع!$A$4:$E$40,5,FALSE()),0)) -> 500 | N60: =IF(OR(K60="لم يدفع",K60="تأمين فقط",K60="اشتراك 300",B60=""),"",IFERROR(VLOOKUP(SUBSTITUTE(SUBSTITUTE(H60,"~","~~"),"*","~*"),إعدادات_الأنواع!$A$4:$F$40,6,FALSE()),0)) -> 1000 | O60: =IF(K60="لم يدفع","",IF(L60="","",IF(N60="",L60+M60,L60+M60))) -> 2000 | P60: =IF(B60="","",IF(K60="لم يدفع","🔒 مجمدة",IF(J60="","",IF(J60<TODAY(),"⛔ منتهي - يتطلب تجديد",IF(J60-5<=TODAY(),"⚠️ قريب الانتهاء","✅ ساري"))))) -> ✅ ساري | Q60: الأحد والأربعاء | R60: 19:00-20:00 | S60: =IF(B60="","",COUNTA(التجديد!E60:E60)) -> 0 | T60: =IF(B60="","",IFERROR(VLOOKUP(SUBSTITUTE(SUBSTITUTE(H60,"~","~~"),"*","~*"),إعدادات_الأنواع!$A$4:$B$40,2,FALSE()),"?")) -> RCS
A61: =IF(B61="","",IF(T61="?","⚠️ نوع غير معرف",T61&TEXT(COUNTIFS($T$3:T61,T61),"000"))) -> RCS059 | B61: دياب | C61: محمد الأمين | D61: 39029 | E61: ذكر | F61: =IF(D61="","",DATEDIF(D61,TODAY(),"Y")) -> 19 | H61: / | I61: 46197 | J61: =IF(I61="","",I61+30) -> 46227 | K61: مدفوع | L61: =IF(OR(K61="لم يدفع",B61=""),"",IF(K61="تأمين فقط",0,IF(K61="اشتراك 300",300,IF(F61<14,IFERROR(VLOOKUP(SUBSTITUTE(SUBSTITUTE(H61,"~","~~"),"*","~*"),إعدادات_الأنواع!$A$4:$D$40,3,FALSE()),0),IFERROR(VLOOKUP(SUBSTITUTE(SUBSTITUTE(H61,"~","~~"),"*","~*"),إعدادات_الأنواع!$A$4:$D$40,4,FALSE()),0))))) -> 1500 | M61: =IF(OR(K61="لم يدفع",B61=""),"",IFERROR(VLOOKUP(SUBSTITUTE(SUBSTITUTE(H61,"~","~~"),"*","~*"),إعدادات_الأنواع!$A$4:$E$40,5,FALSE()),0)) -> 500 | N61: =IF(OR(K61="لم يدفع",K61="تأمين فقط",K61="اشتراك 300",B61=""),"",IFERROR(VLOOKUP(SUBSTITUTE(SUBSTITUTE(H61,"~","~~"),"*","~*"),إعدادات_الأنواع!$A$4:$F$40,6,FALSE()),0)) -> 1000 | O61: =IF(K61="لم يدفع","",IF(L61="","",IF(N61="",L61+M61,L61+M61))) -> 2000 | P61: =IF(B61="","",IF(K61="لم يدفع","🔒 مجمدة",IF(J61="","",IF(J61<TODAY(),"⛔ منتهي - يتطلب تجديد",IF(J61-5<=TODAY(),"⚠️ قريب الانتهاء","✅ ساري"))))) -> ✅ ساري | Q61: الأحد والأربعاء | R61: 19:00-20:00 | S61: =IF(B61="","",COUNTA(التجديد!E61:E61)) -> 0 | T61: =IF(B61="","",IFERROR(VLOOKUP(SUBSTITUTE(SUBSTITUTE(H61,"~","~~"),"*","~*"),إعدادات_الأنواع!$A$4:$B$40,2,FALSE()),"?")) -> RCS
A62: =IF(B62="","",IF(T62="?","⚠️ نوع غير معرف",T62&TEXT(COUNTIFS($T$3:T62,T62),"000"))) -> RCS060 | B62: سوسي | C62: شيخ | D62: 40308 | E62: ذكر | F62: =IF(D62="","",DATEDIF(D62,TODAY(),"Y")) -> 16 | G62: A- | H62: / | I62: 46197 | J62: =IF(I62="","",I62+30) -> 46227 | K62: مدفوع | L62: =IF(OR(K62="لم يدفع",B62=""),"",IF(K62="تأمين فقط",0,IF(K62="اشتراك 300",300,IF(F62<14,IFERROR(VLOOKUP(SUBSTITUTE(SUBSTITUTE(H62,"~","~~"),"*","~*"),إعدادات_الأنواع!$A$4:$D$40,3,FALSE()),0),IFERROR(VLOOKUP(SUBSTITUTE(SUBSTITUTE(H62,"~","~~"),"*","~*"),إعدادات_الأنواع!$A$4:$D$40,4,FALSE()),0))))) -> 1500 | M62: =IF(OR(K62="لم يدفع",B62=""),"",IFERROR(VLOOKUP(SUBSTITUTE(SUBSTITUTE(H62,"~","~~"),"*","~*"),إعدادات_الأنواع!$A$4:$E$40,5,FALSE()),0)) -> 500 | N62: =IF(OR(K62="لم يدفع",K62="تأمين فقط",K62="اشتراك 300",B62=""),"",IFERROR(VLOOKUP(SUBSTITUTE(SUBSTITUTE(H62,"~","~~"),"*","~*"),إعدادات_الأنواع!$A$4:$F$40,6,FALSE()),0)) -> 1000 | O62: =IF(K62="لم يدفع","",IF(L62="","",IF(N62="",L62+M62,L62+M62))) -> 2000 | P62: =IF(B62="","",IF(K62="لم يدفع","🔒 مجمدة",IF(J62="","",IF(J62<TODAY(),"⛔ منتهي - يتطلب تجديد",IF(J62-5<=TODAY(),"⚠️ قريب الانتهاء","✅ ساري"))))) -> ✅ ساري | Q62: الأحد والأربعاء | R62: 19:00-20:00 | S62: =IF(B62="","",COUNTA(التجديد!E62:E62)) -> 0 | T62: =IF(B62="","",IFERROR(VLOOKUP(SUBSTITUTE(SUBSTITUTE(H62,"~","~~"),"*","~*"),إعدادات_الأنواع!$A$4:$B$40,2,FALSE()),"?")) -> RCS
A63: =IF(B63="","",IF(T63="?","⚠️ نوع غير معرف",T63&TEXT(COUNTIFS($T$3:T63,T63),"000"))) -> RCS061 | B63: مسكين | C63: عبد الرحيم | D63: 44734 | E63: ذكر | F63: =IF(D63="","",DATEDIF(D63,TODAY(),"Y")) -> 4 | H63: DJS | I63: 46197 | J63: =IF(I63="","",I63+30) -> 46227 | K63: مدفوع | L63: =IF(OR(K63="لم يدفع",B63=""),"",IF(K63="تأمين فقط",0,IF(K63="اشتراك 300",300,IF(F63<14,IFERROR(VLOOKUP(SUBSTITUTE(SUBSTITUTE(H63,"~","~~"),"*","~*"),إعدادات_الأنواع!$A$4:$D$40,3,FALSE()),0),IFERROR(VLOOKUP(SUBSTITUTE(SUBSTITUTE(H63,"~","~~"),"*","~*"),إعدادات_الأنواع!$A$4:$D$40,4,FALSE()),0))))) -> 300 | M63: =IF(OR(K63="لم يدفع",B63=""),"",IFERROR(VLOOKUP(SUBSTITUTE(SUBSTITUTE(H63,"~","~~"),"*","~*"),إعدادات_الأنواع!$A$4:$E$40,5,FALSE()),0)) -> 500 | N63: =IF(OR(K63="لم يدفع",K63="تأمين فقط",K63="اشتراك 300",B63=""),"",IFERROR(VLOOKUP(SUBSTITUTE(SUBSTITUTE(H63,"~","~~"),"*","~*"),إعدادات_الأنواع!$A$4:$F$40,6,FALSE()),0)) -> 0 | O63: =IF(K63="لم يدفع","",IF(L63="","",IF(N63="",L63+M63,L63+M63))) -> 800 | P63: =IF(B63="","",IF(K63="لم يدفع","🔒 مجمدة",IF(J63="","",IF(J63<TODAY(),"⛔ منتهي - يتطلب تجديد",IF(J63-5<=TODAY(),"⚠️ قريب الانتهاء","✅ ساري"))))) -> ✅ ساري | Q63: الأحد والأربعاء | R63: 10:00-11:00 | S63: =IF(B63="","",COUNTA(التجديد!E63:E63)) -> 0 | T63: =IF(B63="","",IFERROR(VLOOKUP(SUBSTITUTE(SUBSTITUTE(H63,"~","~~"),"*","~*"),إعدادات_الأنواع!$A$4:$B$40,2,FALSE()),"?")) -> RCS
A64: =IF(B64="","",IF(T64="?","⚠️ نوع غير معرف",T64&TEXT(COUNTIFS($T$3:T64,T64),"000"))) -> RCS062 | B64: مسكين | C64: محمد | D64: 40531 | E64: ذكر | F64: =IF(D64="","",DATEDIF(D64,TODAY(),"Y")) -> 15 | H64: DJS | I64: 46197 | J64: =IF(I64="","",I64+30) -> 46227 | K64: مدفوع | L64: =IF(OR(K64="لم يدفع",B64=""),"",IF(K64="تأمين فقط",0,IF(K64="اشتراك 300",300,IF(F64<14,IFERROR(VLOOKUP(SUBSTITUTE(SUBSTITUTE(H64,"~","~~"),"*","~*"),إعدادات_الأنواع!$A$4:$D$40,3,FALSE()),0),IFERROR(VLOOKUP(SUBSTITUTE(SUBSTITUTE(H64,"~","~~"),"*","~*"),إعدادات_الأنواع!$A$4:$D$40,4,FALSE()),0))))) -> 500 | M64: =IF(OR(K64="لم يدفع",B64=""),"",IFERROR(VLOOKUP(SUBSTITUTE(SUBSTITUTE(H64,"~","~~"),"*","~*"),إعدادات_الأنواع!$A$4:$E$40,5,FALSE()),0)) -> 500 | N64: =IF(OR(K64="لم يدفع",K64="تأمين فقط",K64="اشتراك 300",B64=""),"",IFERROR(VLOOKUP(SUBSTITUTE(SUBSTITUTE(H64,"~","~~"),"*","~*"),إعدادات_الأنواع!$A$4:$F$40,6,FALSE()),0)) -> 0 | O64: =IF(K64="لم يدفع","",IF(L64="","",IF(N64="",L64+M64,L64+M64))) -> 1000 | P64: =IF(B64="","",IF(K64="لم يدفع","🔒 مجمدة",IF(J64="","",IF(J64<TODAY(),"⛔ منتهي - يتطلب تجديد",IF(J64-5<=TODAY(),"⚠️ قريب الانتهاء","✅ ساري"))))) -> ✅ ساري | Q64: الأحد والأربعاء | R64: 19:00-20:00 | S64: =IF(B64="","",COUNTA(التجديد!E64:E64)) -> 0 | T64: =IF(B64="","",IFERROR(VLOOKUP(SUBSTITUTE(SUBSTITUTE(H64,"~","~~"),"*","~*"),إعدادات_الأنواع!$A$4:$B$40,2,FALSE()),"?")) -> RCS
A65: =IF(B65="","",IF(T65="?","⚠️ نوع غير معرف",T65&TEXT(COUNTIFS($T$3:T65,T65),"000"))) -> RCS063 | B65: داودي | C65: عبد القادر انس مصطفى | D65: 41878 | E65: ذكر | F65: =IF(D65="","",DATEDIF(D65,TODAY(),"Y")) -> 11 | G65: B+ | H65: / | I65: 46197 | J65: =IF(I65="","",I65+30) -> 46227 | K65: مدفوع | L65: =IF(OR(K65="لم يدفع",B65=""),"",IF(K65="تأمين فقط",0,IF(K65="اشتراك 300",300,IF(F65<14,IFERROR(VLOOKUP(SUBSTITUTE(SUBSTITUTE(H65,"~","~~"),"*","~*"),إعدادات_الأنواع!$A$4:$D$40,3,FALSE()),0),IFERROR(VLOOKUP(SUBSTITUTE(SUBSTITUTE(H65,"~","~~"),"*","~*"),إعدادات_الأنواع!$A$4:$D$40,4,FALSE()),0))))) -> 1300 | M65: =IF(OR(K65="لم يدفع",B65=""),"",IFERROR(VLOOKUP(SUBSTITUTE(SUBSTITUTE(H65,"~","~~"),"*","~*"),إعدادات_الأنواع!$A$4:$E$40,5,FALSE()),0)) -> 500 | N65: =IF(OR(K65="لم يدفع",K65="تأمين فقط",K65="اشتراك 300",B65=""),"",IFERROR(VLOOKUP(SUBSTITUTE(SUBSTITUTE(H65,"~","~~"),"*","~*"),إعدادات_الأنواع!$A$4:$F$40,6,FALSE()),0)) -> 1000 | O65: =IF(K65="لم يدفع","",IF(L65="","",IF(N65="",L65+M65,L65+M65))) -> 1800 | P65: =IF(B65="","",IF(K65="لم يدفع","🔒 مجمدة",IF(J65="","",IF(J65<TODAY(),"⛔ منتهي - يتطلب تجديد",IF(J65-5<=TODAY(),"⚠️ قريب الانتهاء","✅ ساري"))))) -> ✅ ساري | Q65: الأحد والأربعاء | R65: 10:00-11:00 | S65: =IF(B65="","",COUNTA(التجديد!E65:E65)) -> 0 | T65: =IF(B65="","",IFERROR(VLOOKUP(SUBSTITUTE(SUBSTITUTE(H65,"~","~~"),"*","~*"),إعدادات_الأنواع!$A$4:$B$40,2,FALSE()),"?")) -> RCS
A66: =IF(B66="","",IF(T66="?","⚠️ نوع غير معرف",T66&TEXT(COUNTIFS($T$3:T66,T66),"000"))) -> RCS064 | B66: قداش | C66: مخطار الشيخ | D66: 41853 | E66: ذكر | F66: =IF(D66="","",DATEDIF(D66,TODAY(),"Y")) -> 11 | G66: A+ | H66: / | I66: 46197 | J66: =IF(I66="","",I66+30) -> 46227 | K66: مدفوع | L66: =IF(OR(K66="لم يدفع",B66=""),"",IF(K66="تأمين فقط",0,IF(K66="اشتراك 300",300,IF(F66<14,IFERROR(VLOOKUP(SUBSTITUTE(SUBSTITUTE(H66,"~","~~"),"*","~*"),إعدادات_الأنواع!$A$4:$D$40,3,FALSE()),0),IFERROR(VLOOKUP(SUBSTITUTE(SUBSTITUTE(H66,"~","~~"),"*","~*"),إعدادات_الأنواع!$A$4:$D$40,4,FALSE()),0))))) -> 1300 | M66: =IF(OR(K66="لم يدفع",B66=""),"",IFERROR(VLOOKUP(SUBSTITUTE(SUBSTITUTE(H66,"~","~~"),"*","~*"),إعدادات_الأنواع!$A$4:$E$40,5,FALSE()),0)) -> 500 | N66: =IF(OR(K66="لم يدفع",K66="تأمين فقط",K66="اشتراك 300",B66=""),"",IFERROR(VLOOKUP(SUBSTITUTE(SUBSTITUTE(H66,"~","~~"),"*","~*"),إعدادات_الأنواع!$A$4:$F$40,6,FALSE()),0)) -> 1000 | O66: =IF(K66="لم يدفع","",IF(L66="","",IF(N66="",L66+M66,L66+M66))) -> 1800 | P66: =IF(B66="","",IF(K66="لم يدفع","🔒 مجمدة",IF(J66="","",IF(J66<TODAY(),"⛔ منتهي - يتطلب تجديد",IF(J66-5<=TODAY(),"⚠️ قريب الانتهاء","✅ ساري"))))) -> ✅ ساري | Q66: الأحد والأربعاء | R66: 10:00-11:00 | S66: =IF(B66="","",COUNTA(التجديد!E66:E66)) -> 0 | T66: =IF(B66="","",IFERROR(VLOOKUP(SUBSTITUTE(SUBSTITUTE(H66,"~","~~"),"*","~*"),إعدادات_الأنواع!$A$4:$B$40,2,FALSE()),"?")) -> RCS
A67: =IF(B67="","",IF(T67="?","⚠️ نوع غير معرف",T67&TEXT(COUNTIFS($T$3:T67,T67),"000"))) -> RCS065 | B67: قداش | C67: اياد سيف الاسلام | D67: 43588 | E67: ذكر | F67: =IF(D67="","",DATEDIF(D67,TODAY(),"Y")) -> 7 | G67: A+ | H67: / | I67: 46197 | J67: =IF(I67="","",I67+30) -> 46227 | K67: مدفوع | L67: =IF(OR(K67="لم يدفع",B67=""),"",IF(K67="تأمين فقط",0,IF(K67="اشتراك 300",300,IF(F67<14,IFERROR(VLOOKUP(SUBSTITUTE(SUBSTITUTE(H67,"~","~~"),"*","~*"),إعدادات_الأنواع!$A$4:$D$40,3,FALSE()),0),IFERROR(VLOOKUP(SUBSTITUTE(SUBSTITUTE(H67,"~","~~"),"*","~*"),إعدادات_الأنواع!$A$4:$D$40,4,FALSE()),0))))) -> 1300 | M67: =IF(OR(K67="لم يدفع",B67=""),"",IFERROR(VLOOKUP(SUBSTITUTE(SUBSTITUTE(H67,"~","~~"),"*","~*"),إعدادات_الأنواع!$A$4:$E$40,5,FALSE()),0)) -> 500 | N67: =IF(OR(K67="لم يدفع",K67="تأمين فقط",K67="اشتراك 300",B67=""),"",IFERROR(VLOOKUP(SUBSTITUTE(SUBSTITUTE(H67,"~","~~"),"*","~*"),إعدادات_الأنواع!$A$4:$F$40,6,FALSE()),0)) -> 1000 | O67: =IF(K67="لم يدفع","",IF(L67="","",IF(N67="",L67+M67,L67+M67))) -> 1800 | P67: =IF(B67="","",IF(K67="لم يدفع","🔒 مجمدة",IF(J67="","",IF(J67<TODAY(),"⛔ منتهي - يتطلب تجديد",IF(J67-5<=TODAY(),"⚠️ قريب الانتهاء","✅ ساري"))))) -> ✅ ساري | Q67: الأحد والأربعاء | R67: 10:00-11:00 | S67: =IF(B67="","",COUNTA(التجديد!E67:E67)) -> 0 | T67: =IF(B67="","",IFERROR(VLOOKUP(SUBSTITUTE(SUBSTITUTE(H67,"~","~~"),"*","~*"),إعدادات_الأنواع!$A$4:$B$40,2,FALSE()),"?")) -> RCS
A68: =IF(B68="","",IF(T68="?","⚠️ نوع غير معرف",T68&TEXT(COUNTIFS($T$3:T68,T68),"000"))) -> RCS066 | B68: قداش | C68: جواد الشيخ | D68: 42320 | E68: ذكر | F68: =IF(D68="","",DATEDIF(D68,TODAY(),"Y")) -> 10 | G68: A+ | H68: / | I68: 46197 | J68: =IF(I68="","",I68+30) -> 46227 | K68: مدفوع | L68: =IF(OR(K68="لم يدفع",B68=""),"",IF(K68="تأمين فقط",0,IF(K68="اشتراك 300",300,IF(F68<14,IFERROR(VLOOKUP(SUBSTITUTE(SUBSTITUTE(H68,"~","~~"),"*","~*"),إعدادات_الأنواع!$A$4:$D$40,3,FALSE()),0),IFERROR(VLOOKUP(SUBSTITUTE(SUBSTITUTE(H68,"~","~~"),"*","~*"),إعدادات_الأنواع!$A$4:$D$40,4,FALSE()),0))))) -> 1300 | M68: =IF(OR(K68="لم يدفع",B68=""),"",IFERROR(VLOOKUP(SUBSTITUTE(SUBSTITUTE(H68,"~","~~"),"*","~*"),إعدادات_الأنواع!$A$4:$E$40,5,FALSE()),0)) -> 500 | N68: =IF(OR(K68="لم يدفع",K68="تأمين فقط",K68="اشتراك 300",B68=""),"",IFERROR(VLOOKUP(SUBSTITUTE(SUBSTITUTE(H68,"~","~~"),"*","~*"),إعدادات_الأنواع!$A$4:$F$40,6,FALSE()),0)) -> 1000 | O68: =IF(K68="لم يدفع","",IF(L68="","",IF(N68="",L68+M68,L68+M68))) -> 1800 | P68: =IF(B68="","",IF(K68="لم يدفع","🔒 مجمدة",IF(J68="","",IF(J68<TODAY(),"⛔ منتهي - يتطلب تجديد",IF(J68-5<=TODAY(),"⚠️ قريب الانتهاء","✅ ساري"))))) -> ✅ ساري | Q68: الأحد والأربعاء | R68: 10:00-11:00 | S68: =IF(B68="","",COUNTA(التجديد!E68:E68)) -> 0 | T68: =IF(B68="","",IFERROR(VLOOKUP(SUBSTITUTE(SUBSTITUTE(H68,"~","~~"),"*","~*"),إعدادات_الأنواع!$A$4:$B$40,2,FALSE()),"?")) -> RCS
A69: =IF(B69="","",IF(T69="?","⚠️ نوع غير معرف",T69&TEXT(COUNTIFS($T$3:T69,T69),"000"))) -> RCS067 | B69: داودي | C69: منصف عبد الرحمان | D69: 42819 | E69: ذكر | F69: =IF(D69="","",DATEDIF(D69,TODAY(),"Y")) -> 9 | G69: O+ | H69: / | I69: 46197 | J69: =IF(I69="","",I69+30) -> 46227 | K69: مدفوع | L69: =IF(OR(K69="لم يدفع",B69=""),"",IF(K69="تأمين فقط",0,IF(K69="اشتراك 300",300,IF(F69<14,IFERROR(VLOOKUP(SUBSTITUTE(SUBSTITUTE(H69,"~","~~"),"*","~*"),إعدادات_الأنواع!$A$4:$D$40,3,FALSE()),0),IFERROR(VLOOKUP(SUBSTITUTE(SUBSTITUTE(H69,"~","~~"),"*","~*"),إعدادات_الأنواع!$A$4:$D$40,4,FALSE()),0))))) -> 1300 | M69: =IF(OR(K69="لم يدفع",B69=""),"",IFERROR(VLOOKUP(SUBSTITUTE(SUBSTITUTE(H69,"~","~~"),"*","~*"),إعدادات_الأنواع!$A$4:$E$40,5,FALSE()),0)) -> 500 | N69: =IF(OR(K69="لم يدفع",K69="تأمين فقط",K69="اشتراك 300",B69=""),"",IFERROR(VLOOKUP(SUBSTITUTE(SUBSTITUTE(H69,"~","~~"),"*","~*"),إعدادات_الأنواع!$A$4:$F$40,6,FALSE()),0)) -> 1000 | O69: =IF(K69="لم يدفع","",IF(L69="","",IF(N69="",L69+M69,L69+M69))) -> 1800 | P69: =IF(B69="","",IF(K69="لم يدفع","🔒 مجمدة",IF(J69="","",IF(J69<TODAY(),"⛔ منتهي - يتطلب تجديد",IF(J69-5<=TODAY(),"⚠️ قريب الانتهاء","✅ ساري"))))) -> ✅ ساري | Q69: الأحد والأربعاء | R69: 10:00-11:00 | S69: =IF(B69="","",COUNTA(التجديد!E69:E69)) -> 0 | T69: =IF(B69="","",IFERROR(VLOOKUP(SUBSTITUTE(SUBSTITUTE(H69,"~","~~"),"*","~*"),إعدادات_الأنواع!$A$4:$B$40,2,FALSE()),"?")) -> RCS
A70: =IF(B70="","",IF(T70="?","⚠️ نوع غير معرف",T70&TEXT(COUNTIFS($T$3:T70,T70),"000"))) -> RCS068 | B70: حاجي | C70: يوسف | D70: 39858 | E70: ذكر | F70: =IF(D70="","",DATEDIF(D70,TODAY(),"Y")) -> 17 | G70: O+ | H70: / | I70: 46197 | J70: =IF(I70="","",I70+30) -> 46227 | K70: مدفوع | L70: =IF(OR(K70="لم يدفع",B70=""),"",IF(K70="تأمين فقط",0,IF(K70="اشتراك 300",300,IF(F70<14,IFERROR(VLOOKUP(SUBSTITUTE(SUBSTITUTE(H70,"~","~~"),"*","~*"),إعدادات_الأنواع!$A$4:$D$40,3,FALSE()),0),IFERROR(VLOOKUP(SUBSTITUTE(SUBSTITUTE(H70,"~","~~"),"*","~*"),إعدادات_الأنواع!$A$4:$D$40,4,FALSE()),0))))) -> 1500 | M70: =IF(OR(K70="لم يدفع",B70=""),"",IFERROR(VLOOKUP(SUBSTITUTE(SUBSTITUTE(H70,"~","~~"),"*","~*"),إعدادات_الأنواع!$A$4:$E$40,5,FALSE()),0)) -> 500 | N70: =IF(OR(K70="لم يدفع",K70="تأمين فقط",K70="اشتراك 300",B70=""),"",IFERROR(VLOOKUP(SUBSTITUTE(SUBSTITUTE(H70,"~","~~"),"*","~*"),إعدادات_الأنواع!$A$4:$F$40,6,FALSE()),0)) -> 1000 | O70: =IF(K70="لم يدفع","",IF(L70="","",IF(N70="",L70+M70,L70+M70))) -> 2000 | P70: =IF(B70="","",IF(K70="لم يدفع","🔒 مجمدة",IF(J70="","",IF(J70<TODAY(),"⛔ منتهي - يتطلب تجديد",IF(J70-5<=TODAY(),"⚠️ قريب الانتهاء","✅ ساري"))))) -> ✅ ساري | Q70: الأحد والأربعاء | R70: 19:00-20:00 | S70: =IF(B70="","",COUNTA(التجديد!E70:E70)) -> 0 | T70: =IF(B70="","",IFERROR(VLOOKUP(SUBSTITUTE(SUBSTITUTE(H70,"~","~~"),"*","~*"),إعدادات_الأنواع!$A$4:$B$40,2,FALSE()),"?")) -> RCS
A71: =IF(B71="","",IF(T71="?","⚠️ نوع غير معرف",T71&TEXT(COUNTIFS($T$3:T71,T71),"000"))) -> RCS069 | B71: حاجي | C71: ابراهيم | D71: 40244 | E71: ذكر | F71: =IF(D71="","",DATEDIF(D71,TODAY(),"Y")) -> 16 | G71: O+ | H71: / | I71: 46197 | J71: =IF(I71="","",I71+30) -> 46227 | K71: مدفوع | L71: =IF(OR(K71="لم يدفع",B71=""),"",IF(K71="تأمين فقط",0,IF(K71="اشتراك 300",300,IF(F71<14,IFERROR(VLOOKUP(SUBSTITUTE(SUBSTITUTE(H71,"~","~~"),"*","~*"),إعدادات_الأنواع!$A$4:$D$40,3,FALSE()),0),IFERROR(VLOOKUP(SUBSTITUTE(SUBSTITUTE(H71,"~","~~"),"*","~*"),إعدادات_الأنواع!$A$4:$D$40,4,FALSE()),0))))) -> 1500 | M71: =IF(OR(K71="لم يدفع",B71=""),"",IFERROR(VLOOKUP(SUBSTITUTE(SUBSTITUTE(H71,"~","~~"),"*","~*"),إعدادات_الأنواع!$A$4:$E$40,5,FALSE()),0)) -> 500 | N71: =IF(OR(K71="لم يدفع",K71="تأمين فقط",K71="اشتراك 300",B71=""),"",IFERROR(VLOOKUP(SUBSTITUTE(SUBSTITUTE(H71,"~","~~"),"*","~*"),إعدادات_الأنواع!$A$4:$F$40,6,FALSE()),0)) -> 1000 | O71: =IF(K71="لم يدفع","",IF(L71="","",IF(N71="",L71+M71,L71+M71))) -> 2000 | P71: =IF(B71="","",IF(K71="لم يدفع","🔒 مجمدة",IF(J71="","",IF(J71<TODAY(),"⛔ منتهي - يتطلب تجديد",IF(J71-5<=TODAY(),"⚠️ قريب الانتهاء","✅ ساري"))))) -> ✅ ساري | Q71: الأحد والأربعاء | R71: 19:00-20:00 | S71: =IF(B71="","",COUNTA(التجديد!E71:E71)) -> 0 | T71: =IF(B71="","",IFERROR(VLOOKUP(SUBSTITUTE(SUBSTITUTE(H71,"~","~~"),"*","~*"),إعدادات_الأنواع!$A$4:$B$40,2,FALSE()),"?")) -> RCS
A72: =IF(B72="","",IF(T72="?","⚠️ نوع غير معرف",T72&TEXT(COUNTIFS($T$3:T72,T72),"000"))) -> RCS070 | B72: مسكين | C72: فضل الله محمد شاكر | D72: 39647 | E72: ذكر | F72: =IF(D72="","",DATEDIF(D72,TODAY(),"Y")) -> 17 | H72: / | I72: 46197 | J72: =IF(I72="","",I72+30) -> 46227 | K72: لم يدفع | L72: =IF(OR(K72="لم يدفع",B72=""),"",IF(K72="تأمين فقط",0,IF(K72="اشتراك 300",300,IF(F72<14,IFERROR(VLOOKUP(SUBSTITUTE(SUBSTITUTE(H72,"~","~~"),"*","~*"),إعدادات_الأنواع!$A$4:$D$40,3,FALSE()),0),IFERROR(VLOOKUP(SUBSTITUTE(SUBSTITUTE(H72,"~","~~"),"*","~*"),إعدادات_الأنواع!$A$4:$D$40,4,FALSE()),0))))) | M72: =IF(OR(K72="لم يدفع",B72=""),"",IFERROR(VLOOKUP(SUBSTITUTE(SUBSTITUTE(H72,"~","~~"),"*","~*"),إعدادات_الأنواع!$A$4:$E$40,5,FALSE()),0)) | N72: =IF(OR(K72="لم يدفع",K72="تأمين فقط",K72="اشتراك 300",B72=""),"",IFERROR(VLOOKUP(SUBSTITUTE(SUBSTITUTE(H72,"~","~~"),"*","~*"),إعدادات_الأنواع!$A$4:$F$40,6,FALSE()),0)) | O72: =IF(K72="لم يدفع","",IF(L72="","",IF(N72="",L72+M72,L72+M72))) | P72: =IF(B72="","",IF(K72="لم يدفع","🔒 مجمدة",IF(J72="","",IF(J72<TODAY(),"⛔ منتهي - يتطلب تجديد",IF(J72-5<=TODAY(),"⚠️ قريب الانتهاء","✅ ساري"))))) -> 🔒 مجمدة | Q72: الأحد والأربعاء | R72: 20:00-21:00 | S72: =IF(B72="","",COUNTA(التجديد!E72:E72)) -> 0 | T72: =IF(B72="","",IFERROR(VLOOKUP(SUBSTITUTE(SUBSTITUTE(H72,"~","~~"),"*","~*"),إعدادات_الأنواع!$A$4:$B$40,2,FALSE()),"?")) -> RCS
A73: =IF(B73="","",IF(T73="?","⚠️ نوع غير معرف",T73&TEXT(COUNTIFS($T$3:T73,T73),"000"))) -> RCS071 | B73: ثابتي | C73: سيد احمد | D73: 29587 | E73: ذكر | F73: =IF(D73="","",DATEDIF(D73,TODAY(),"Y")) -> 45 | H73: / | I73: 46197 | J73: =IF(I73="","",I73+30) -> 46227 | K73: مدفوع | L73: =IF(OR(K73="لم يدفع",B73=""),"",IF(K73="تأمين فقط",0,IF(K73="اشتراك 300",300,IF(F73<14,IFERROR(VLOOKUP(SUBSTITUTE(SUBSTITUTE(H73,"~","~~"),"*","~*"),إعدادات_الأنواع!$A$4:$D$40,3,FALSE()),0),IFERROR(VLOOKUP(SUBSTITUTE(SUBSTITUTE(H73,"~","~~"),"*","~*"),إعدادات_الأنواع!$A$4:$D$40,4,FALSE()),0))))) -> 1500 | M73: =IF(OR(K73="لم يدفع",B73=""),"",IFERROR(VLOOKUP(SUBSTITUTE(SUBSTITUTE(H73,"~","~~"),"*","~*"),إعدادات_الأنواع!$A$4:$E$40,5,FALSE()),0)) -> 500 | N73: =IF(OR(K73="لم يدفع",K73="تأمين فقط",K73="اشتراك 300",B73=""),"",IFERROR(VLOOKUP(SUBSTITUTE(SUBSTITUTE(H73,"~","~~"),"*","~*"),إعدادات_الأنواع!$A$4:$F$40,6,FALSE()),0)) -> 1000 | O73: =IF(K73="لم يدفع","",IF(L73="","",IF(N73="",L73+M73,L73+M73))) -> 2000 | P73: =IF(B73="","",IF(K73="لم يدفع","🔒 مجمدة",IF(J73="","",IF(J73<TODAY(),"⛔ منتهي - يتطلب تجديد",IF(J73-5<=TODAY(),"⚠️ قريب الانتهاء","✅ ساري"))))) -> ✅ ساري | Q73: الأحد والأربعاء | R73: 20:00-21:00 | S73: =IF(B73="","",COUNTA(التجديد!E73:E73)) -> 0 | T73: =IF(B73="","",IFERROR(VLOOKUP(SUBSTITUTE(SUBSTITUTE(H73,"~","~~"),"*","~*"),إعدادات_الأنواع!$A$4:$B$40,2,FALSE()),"?")) -> RCS
A74: =IF(B74="","",IF(T74="?","⚠️ نوع غير معرف",T74&TEXT(COUNTIFS($T$3:T74,T74),"000"))) -> RCS072 | B74: رابح | C74: عائشة | D74: 40766 | E74: أنثى | F74: =IF(D74="","",DATEDIF(D74,TODAY(),"Y")) -> 14 | G74: A+ | H74: / | I74: 46201 | J74: =IF(I74="","",I74+30) -> 46231 | K74: مدفوع | L74: =IF(OR(K74="لم يدفع",B74=""),"",IF(K74="تأمين فقط",0,IF(K74="اشتراك 300",300,IF(F74<14,IFERROR(VLOOKUP(SUBSTITUTE(SUBSTITUTE(H74,"~","~~"),"*","~*"),إعدادات_الأنواع!$A$4:$D$40,3,FALSE()),0),IFERROR(VLOOKUP(SUBSTITUTE(SUBSTITUTE(H74,"~","~~"),"*","~*"),إعدادات_الأنواع!$A$4:$D$40,4,FALSE()),0))))) -> 1500 | M74: =IF(OR(K74="لم يدفع",B74=""),"",IFERROR(VLOOKUP(SUBSTITUTE(SUBSTITUTE(H74,"~","~~"),"*","~*"),إعدادات_الأنواع!$A$4:$E$40,5,FALSE()),0)) -> 500 | N74: =IF(OR(K74="لم يدفع",K74="تأمين فقط",K74="اشتراك 300",B74=""),"",IFERROR(VLOOKUP(SUBSTITUTE(SUBSTITUTE(H74,"~","~~"),"*","~*"),إعدادات_الأنواع!$A$4:$F$40,6,FALSE()),0)) -> 1000 | O74: =IF(K74="لم يدفع","",IF(L74="","",IF(N74="",L74+M74,L74+M74))) -> 2000 | P74: =IF(B74="","",IF(K74="لم يدفع","🔒 مجمدة",IF(J74="","",IF(J74<TODAY(),"⛔ منتهي - يتطلب تجديد",IF(J74-5<=TODAY(),"⚠️ قريب الانتهاء","✅ ساري"))))) -> ✅ ساري | Q74: الأحد والأربعاء | R74: 9:00-10:00 | S74: =IF(B74="","",COUNTA(التجديد!E74:E74)) -> 0 | T74: =IF(B74="","",IFERROR(VLOOKUP(SUBSTITUTE(SUBSTITUTE(H74,"~","~~"),"*","~*"),إعدادات_الأنواع!$A$4:$B$40,2,FALSE()),"?")) -> RCS
A75: =IF(B75="","",IF(T75="?","⚠️ نوع غير معرف",T75&TEXT(COUNTIFS($T$3:T75,T75),"000"))) -> RCS073 | B75: مغربي | C75: كريمة | D75: 42298 | E75: أنثى | F75: =IF(D75="","",DATEDIF(D75,TODAY(),"Y")) -> 10 | G75: A+ | H75: / | I75: 46201 | J75: =IF(I75="","",I75+30) -> 46231 | K75: مدفوع | L75: =IF(OR(K75="لم يدفع",B75=""),"",IF(K75="تأمين فقط",0,IF(K75="اشتراك 300",300,IF(F75<14,IFERROR(VLOOKUP(SUBSTITUTE(SUBSTITUTE(H75,"~","~~"),"*","~*"),إعدادات_الأنواع!$A$4:$D$40,3,FALSE()),0),IFERROR(VLOOKUP(SUBSTITUTE(SUBSTITUTE(H75,"~","~~"),"*","~*"),إعدادات_الأنواع!$A$4:$D$40,4,FALSE()),0))))) -> 1300 | M75: =IF(OR(K75="لم يدفع",B75=""),"",IFERROR(VLOOKUP(SUBSTITUTE(SUBSTITUTE(H75,"~","~~"),"*","~*"),إعدادات_الأنواع!$A$4:$E$40,5,FALSE()),0)) -> 500 | N75: =IF(OR(K75="لم يدفع",K75="تأمين فقط",K75="اشتراك 300",B75=""),"",IFERROR(VLOOKUP(SUBSTITUTE(SUBSTITUTE(H75,"~","~~"),"*","~*"),إعدادات_الأنواع!$A$4:$F$40,6,FALSE()),0)) -> 1000 | O75: =IF(K75="لم يدفع","",IF(L75="","",IF(N75="",L75+M75,L75+M75))) -> 1800 | P75: =IF(B75="","",IF(K75="لم يدفع","🔒 مجمدة",IF(J75="","",IF(J75<TODAY(),"⛔ منتهي - يتطلب تجديد",IF(J75-5<=TODAY(),"⚠️ قريب الانتهاء","✅ ساري"))))) -> ✅ ساري | Q75: الأحد والأربعاء | R75: 9:00-10:00 | S75: =IF(B75="","",COUNTA(التجديد!E75:E75)) -> 0 | T75: =IF(B75="","",IFERROR(VLOOKUP(SUBSTITUTE(SUBSTITUTE(H75,"~","~~"),"*","~*"),إعدادات_الأنواع!$A$4:$B$40,2,FALSE()),"?")) -> RCS
A76: =IF(B76="","",IF(T76="?","⚠️ نوع غير معرف",T76&TEXT(COUNTIFS($T$3:T76,T76),"000"))) -> RCS074 | B76: مغربي | C76: محمد عمر | D76: 40779 | E76: ذكر | F76: =IF(D76="","",DATEDIF(D76,TODAY(),"Y")) -> 14 | G76: A- | H76: / | I76: 46201 | J76: =IF(I76="","",I76+30) -> 46231 | K76: مدفوع | L76: =IF(OR(K76="لم يدفع",B76=""),"",IF(K76="تأمين فقط",0,IF(K76="اشتراك 300",300,IF(F76<14,IFERROR(VLOOKUP(SUBSTITUTE(SUBSTITUTE(H76,"~","~~"),"*","~*"),إعدادات_الأنواع!$A$4:$D$40,3,FALSE()),0),IFERROR(VLOOKUP(SUBSTITUTE(SUBSTITUTE(H76,"~","~~"),"*","~*"),إعدادات_الأنواع!$A$4:$D$40,4,FALSE()),0))))) -> 1500 | M76: =IF(OR(K76="لم يدفع",B76=""),"",IFERROR(VLOOKUP(SUBSTITUTE(SUBSTITUTE(H76,"~","~~"),"*","~*"),إعدادات_الأنواع!$A$4:$E$40,5,FALSE()),0)) -> 500 | N76: =IF(OR(K76="لم يدفع",K76="تأمين فقط",K76="اشتراك 300",B76=""),"",IFERROR(VLOOKUP(SUBSTITUTE(SUBSTITUTE(H76,"~","~~"),"*","~*"),إعدادات_الأنواع!$A$4:$F$40,6,FALSE()),0)) -> 1000 | O76: =IF(K76="لم يدفع","",IF(L76="","",IF(N76="",L76+M76,L76+M76))) -> 2000 | P76: =IF(B76="","",IF(K76="لم يدفع","🔒 مجمدة",IF(J76="","",IF(J76<TODAY(),"⛔ منتهي - يتطلب تجديد",IF(J76-5<=TODAY(),"⚠️ قريب الانتهاء","✅ ساري"))))) -> ✅ ساري | Q76: الأحد والأربعاء | R76: 10:00-11:00 | S76: =IF(B76="","",COUNTA(التجديد!E76:E76)) -> 0 | T76: =IF(B76="","",IFERROR(VLOOKUP(SUBSTITUTE(SUBSTITUTE(H76,"~","~~"),"*","~*"),إعدادات_الأنواع!$A$4:$B$40,2,FALSE()),"?")) -> RCS
A77: =IF(B77="","",IF(T77="?","⚠️ نوع غير معرف",T77&TEXT(COUNTIFS($T$3:T77,T77),"000"))) -> RCS075 | B77: مغربي | C77: زين الدين | D77: 28773 | E77: ذكر | F77: =IF(D77="","",DATEDIF(D77,TODAY(),"Y")) -> 47 | H77: / | I77: 46201 | J77: =IF(I77="","",I77+30) -> 46231 | K77: مدفوع | L77: =IF(OR(K77="لم يدفع",B77=""),"",IF(K77="تأمين فقط",0,IF(K77="اشتراك 300",300,IF(F77<14,IFERROR(VLOOKUP(SUBSTITUTE(SUBSTITUTE(H77,"~","~~"),"*","~*"),إعدادات_الأنواع!$A$4:$D$40,3,FALSE()),0),IFERROR(VLOOKUP(SUBSTITUTE(SUBSTITUTE(H77,"~","~~"),"*","~*"),إعدادات_الأنواع!$A$4:$D$40,4,FALSE()),0))))) -> 1500 | M77: =IF(OR(K77="لم يدفع",B77=""),"",IFERROR(VLOOKUP(SUBSTITUTE(SUBSTITUTE(H77,"~","~~"),"*","~*"),إعدادات_الأنواع!$A$4:$E$40,5,FALSE()),0)) -> 500 | N77: =IF(OR(K77="لم يدفع",K77="تأمين فقط",K77="اشتراك 300",B77=""),"",IFERROR(VLOOKUP(SUBSTITUTE(SUBSTITUTE(H77,"~","~~"),"*","~*"),إعدادات_الأنواع!$A$4:$F$40,6,FALSE()),0)) -> 1000 | O77: =IF(K77="لم يدفع","",IF(L77="","",IF(N77="",L77+M77,L77+M77))) -> 2000 | P77: =IF(B77="","",IF(K77="لم يدفع","🔒 مجمدة",IF(J77="","",IF(J77<TODAY(),"⛔ منتهي - يتطلب تجديد",IF(J77-5<=TODAY(),"⚠️ قريب الانتهاء","✅ ساري"))))) -> ✅ ساري | Q77: الأحد والأربعاء | R77: 19:00-20:00 | S77: =IF(B77="","",COUNTA(التجديد!E77:E77)) -> 0 | T77: =IF(B77="","",IFERROR(VLOOKUP(SUBSTITUTE(SUBSTITUTE(H77,"~","~~"),"*","~*"),إعدادات_الأنواع!$A$4:$B$40,2,FALSE()),"?")) -> RCS
A78: =IF(B78="","",IF(T78="?","⚠️ نوع غير معرف",T78&TEXT(COUNTIFS($T$3:T78,T78),"000"))) -> RCS076 | B78: مغربي | C78: زهية حنان | D78: 41168 | E78: أنثى | F78: =IF(D78="","",DATEDIF(D78,TODAY(),"Y")) -> 13 | H78: / | I78: 46201 | J78: =IF(I78="","",I78+30) -> 46231 | K78: مدفوع | L78: =IF(OR(K78="لم يدفع",B78=""),"",IF(K78="تأمين فقط",0,IF(K78="اشتراك 300",300,IF(F78<14,IFERROR(VLOOKUP(SUBSTITUTE(SUBSTITUTE(H78,"~","~~"),"*","~*"),إعدادات_الأنواع!$A$4:$D$40,3,FALSE()),0),IFERROR(VLOOKUP(SUBSTITUTE(SUBSTITUTE(H78,"~","~~"),"*","~*"),إعدادات_الأنواع!$A$4:$D$40,4,FALSE()),0))))) -> 1300 | M78: =IF(OR(K78="لم يدفع",B78=""),"",IFERROR(VLOOKUP(SUBSTITUTE(SUBSTITUTE(H78,"~","~~"),"*","~*"),إعدادات_الأنواع!$A$4:$E$40,5,FALSE()),0)) -> 500 | N78: =IF(OR(K78="لم يدفع",K78="تأمين فقط",K78="اشتراك 300",B78=""),"",IFERROR(VLOOKUP(SUBSTITUTE(SUBSTITUTE(H78,"~","~~"),"*","~*"),إعدادات_الأنواع!$A$4:$F$40,6,FALSE()),0)) -> 1000 | O78: =IF(K78="لم يدفع","",IF(L78="","",IF(N78="",L78+M78,L78+M78))) -> 1800 | P78: =IF(B78="","",IF(K78="لم يدفع","🔒 مجمدة",IF(J78="","",IF(J78<TODAY(),"⛔ منتهي - يتطلب تجديد",IF(J78-5<=TODAY(),"⚠️ قريب الانتهاء","✅ ساري"))))) -> ✅ ساري | Q78: الأحد والأربعاء | R78: 9:00-10:00 | S78: =IF(B78="","",COUNTA(التجديد!E78:E78)) -> 0 | T78: =IF(B78="","",IFERROR(VLOOKUP(SUBSTITUTE(SUBSTITUTE(H78,"~","~~"),"*","~*"),إعدادات_الأنواع!$A$4:$B$40,2,FALSE()),"?")) -> RCS
A79: =IF(B79="","",IF(T79="?","⚠️ نوع غير معرف",T79&TEXT(COUNTIFS($T$3:T79,T79),"000"))) -> RCS077 | B79: مزوز | C79: محمد | D79: 41920 | E79: ذكر | F79: =IF(D79="","",DATEDIF(D79,TODAY(),"Y")) -> 11 | G79: O+ | H79: / | I79: 46201 | J79: =IF(I79="","",I79+30) -> 46231 | K79: مدفوع | L79: =IF(OR(K79="لم يدفع",B79=""),"",IF(K79="تأمين فقط",0,IF(K79="اشتراك 300",300,IF(F79<14,IFERROR(VLOOKUP(SUBSTITUTE(SUBSTITUTE(H79,"~","~~"),"*","~*"),إعدادات_الأنواع!$A$4:$D$40,3,FALSE()),0),IFERROR(VLOOKUP(SUBSTITUTE(SUBSTITUTE(H79,"~","~~"),"*","~*"),إعدادات_الأنواع!$A$4:$D$40,4,FALSE()),0))))) -> 1300 | M79: =IF(OR(K79="لم يدفع",B79=""),"",IFERROR(VLOOKUP(SUBSTITUTE(SUBSTITUTE(H79,"~","~~"),"*","~*"),إعدادات_الأنواع!$A$4:$E$40,5,FALSE()),0)) -> 500 | N79: =IF(OR(K79="لم يدفع",K79="تأمين فقط",K79="اشتراك 300",B79=""),"",IFERROR(VLOOKUP(SUBSTITUTE(SUBSTITUTE(H79,"~","~~"),"*","~*"),إعدادات_الأنواع!$A$4:$F$40,6,FALSE()),0)) -> 1000 | O79: =IF(K79="لم يدفع","",IF(L79="","",IF(N79="",L79+M79,L79+M79))) -> 1800 | P79: =IF(B79="","",IF(K79="لم يدفع","🔒 مجمدة",IF(J79="","",IF(J79<TODAY(),"⛔ منتهي - يتطلب تجديد",IF(J79-5<=TODAY(),"⚠️ قريب الانتهاء","✅ ساري"))))) -> ✅ ساري | Q79: الأحد والأربعاء | R79: 10:00-11:00 | S79: =IF(B79="","",COUNTA(التجديد!E79:E79)) -> 0 | T79: =IF(B79="","",IFERROR(VLOOKUP(SUBSTITUTE(SUBSTITUTE(H79,"~","~~"),"*","~*"),إعدادات_الأنواع!$A$4:$B$40,2,FALSE()),"?")) -> RCS
A80: =IF(B80="","",IF(T80="?","⚠️ نوع غير معرف",T80&TEXT(COUNTIFS($T$3:T80,T80),"000"))) -> RCS078 | B80: نقادي | C80: يونس | D80: 41461 | E80: ذكر | F80: =IF(D80="","",DATEDIF(D80,TODAY(),"Y")) -> 13 | G80: O+ | H80: / | I80: 46201 | J80: =IF(I80="","",I80+30) -> 46231 | K80: مدفوع | L80: =IF(OR(K80="لم يدفع",B80=""),"",IF(K80="تأمين فقط",0,IF(K80="اشتراك 300",300,IF(F80<14,IFERROR(VLOOKUP(SUBSTITUTE(SUBSTITUTE(H80,"~","~~"),"*","~*"),إعدادات_الأنواع!$A$4:$D$40,3,FALSE()),0),IFERROR(VLOOKUP(SUBSTITUTE(SUBSTITUTE(H80,"~","~~"),"*","~*"),إعدادات_الأنواع!$A$4:$D$40,4,FALSE()),0))))) -> 1300 | M80: =IF(OR(K80="لم يدفع",B80=""),"",IFERROR(VLOOKUP(SUBSTITUTE(SUBSTITUTE(H80,"~","~~"),"*","~*"),إعدادات_الأنواع!$A$4:$E$40,5,FALSE()),0)) -> 500 | N80: =IF(OR(K80="لم يدفع",K80="تأمين فقط",K80="اشتراك 300",B80=""),"",IFERROR(VLOOKUP(SUBSTITUTE(SUBSTITUTE(H80,"~","~~"),"*","~*"),إعدادات_الأنواع!$A$4:$F$40,6,FALSE()),0)) -> 1000 | O80: =IF(K80="لم يدفع","",IF(L80="","",IF(N80="",L80+M80,L80+M80))) -> 1800 | P80: =IF(B80="","",IF(K80="لم يدفع","🔒 مجمدة",IF(J80="","",IF(J80<TODAY(),"⛔ منتهي - يتطلب تجديد",IF(J80-5<=TODAY(),"⚠️ قريب الانتهاء","✅ ساري"))))) -> ✅ ساري | Q80: الأحد والأربعاء | R80: 10:00-11:00 | S80: =IF(B80="","",COUNTA(التجديد!E80:E80)) -> 0 | T80: =IF(B80="","",IFERROR(VLOOKUP(SUBSTITUTE(SUBSTITUTE(H80,"~","~~"),"*","~*"),إعدادات_الأنواع!$A$4:$B$40,2,FALSE()),"?")) -> RCS
A81: =IF(B81="","",IF(T81="?","⚠️ نوع غير معرف",T81&TEXT(COUNTIFS($T$3:T81,T81),"000"))) -> RCS079 | B81: نقادي | C81: محمد عبد الكريم | D81: 40878 | E81: ذكر | F81: =IF(D81="","",DATEDIF(D81,TODAY(),"Y")) -> 14 | G81: O+ | H81: / | I81: 46201 | J81: =IF(I81="","",I81+30) -> 46231 | K81: مدفوع | L81: =IF(OR(K81="لم يدفع",B81=""),"",IF(K81="تأمين فقط",0,IF(K81="اشتراك 300",300,IF(F81<14,IFERROR(VLOOKUP(SUBSTITUTE(SUBSTITUTE(H81,"~","~~"),"*","~*"),إعدادات_الأنواع!$A$4:$D$40,3,FALSE()),0),IFERROR(VLOOKUP(SUBSTITUTE(SUBSTITUTE(H81,"~","~~"),"*","~*"),إعدادات_الأنواع!$A$4:$D$40,4,FALSE()),0))))) -> 1500 | M81: =IF(OR(K81="لم يدفع",B81=""),"",IFERROR(VLOOKUP(SUBSTITUTE(SUBSTITUTE(H81,"~","~~"),"*","~*"),إعدادات_الأنواع!$A$4:$E$40,5,FALSE()),0)) -> 500 | N81: =IF(OR(K81="لم يدفع",K81="تأمين فقط",K81="اشتراك 300",B81=""),"",IFERROR(VLOOKUP(SUBSTITUTE(SUBSTITUTE(H81,"~","~~"),"*","~*"),إعدادات_الأنواع!$A$4:$F$40,6,FALSE()),0)) -> 1000 | O81: =IF(K81="لم يدفع","",IF(L81="","",IF(N81="",L81+M81,L81+M81))) -> 2000 | P81: =IF(B81="","",IF(K81="لم يدفع","🔒 مجمدة",IF(J81="","",IF(J81<TODAY(),"⛔ منتهي - يتطلب تجديد",IF(J81-5<=TODAY(),"⚠️ قريب الانتهاء","✅ ساري"))))) -> ✅ ساري | Q81: الأحد والأربعاء | R81: 10:00-11:00 | S81: =IF(B81="","",COUNTA(التجديد!E81:E81)) -> 0 | T81: =IF(B81="","",IFERROR(VLOOKUP(SUBSTITUTE(SUBSTITUTE(H81,"~","~~"),"*","~*"),إعدادات_الأنواع!$A$4:$B$40,2,FALSE()),"?")) -> RCS
A82: =IF(B82="","",IF(T82="?","⚠️ نوع غير معرف",T82&TEXT(COUNTIFS($T$3:T82,T82),"000"))) -> RCS080 | B82: كورات | C82: محمد | D82: 43304 | E82: ذكر | F82: =IF(D82="","",DATEDIF(D82,TODAY(),"Y")) -> 7 | H82: / | I82: 46201 | J82: =IF(I82="","",I82+30) -> 46231 | K82: مدفوع | L82: =IF(OR(K82="لم يدفع",B82=""),"",IF(K82="تأمين فقط",0,IF(K82="اشتراك 300",300,IF(F82<14,IFERROR(VLOOKUP(SUBSTITUTE(SUBSTITUTE(H82,"~","~~"),"*","~*"),إعدادات_الأنواع!$A$4:$D$40,3,FALSE()),0),IFERROR(VLOOKUP(SUBSTITUTE(SUBSTITUTE(H82,"~","~~"),"*","~*"),إعدادات_الأنواع!$A$4:$D$40,4,FALSE()),0))))) -> 1300 | M82: =IF(OR(K82="لم يدفع",B82=""),"",IFERROR(VLOOKUP(SUBSTITUTE(SUBSTITUTE(H82,"~","~~"),"*","~*"),إعدادات_الأنواع!$A$4:$E$40,5,FALSE()),0)) -> 500 | N82: =IF(OR(K82="لم يدفع",K82="تأمين فقط",K82="اشتراك 300",B82=""),"",IFERROR(VLOOKUP(SUBSTITUTE(SUBSTITUTE(H82,"~","~~"),"*","~*"),إعدادات_الأنواع!$A$4:$F$40,6,FALSE()),0)) -> 1000 | O82: =IF(K82="لم يدفع","",IF(L82="","",IF(N82="",L82+M82,L82+M82))) -> 1800 | P82: =IF(B82="","",IF(K82="لم يدفع","🔒 مجمدة",IF(J82="","",IF(J82<TODAY(),"⛔ منتهي - يتطلب تجديد",IF(J82-5<=TODAY(),"⚠️ قريب الانتهاء","✅ ساري"))))) -> ✅ ساري | Q82: الأحد والأربعاء | R82: 10:00-11:00 | S82: =IF(B82="","",COUNTA(التجديد!E82:E82)) -> 0 | T82: =IF(B82="","",IFERROR(VLOOKUP(SUBSTITUTE(SUBSTITUTE(H82,"~","~~"),"*","~*"),إعدادات_الأنواع!$A$4:$B$40,2,FALSE()),"?")) -> RCS
A83: =IF(B83="","",IF(T83="?","⚠️ نوع غير معرف",T83&TEXT(COUNTIFS($T$3:T83,T83),"000"))) -> RCS081 | B83: ايت | C83: ميمون محمد | D83: 39955 | E83: ذكر | F83: =IF(D83="","",DATEDIF(D83,TODAY(),"Y")) -> 17 | G83: O+ | H83: / | I83: 46201 | J83: =IF(I83="","",I83+30) -> 46231 | K83: مدفوع | L83: =IF(OR(K83="لم يدفع",B83=""),"",IF(K83="تأمين فقط",0,IF(K83="اشتراك 300",300,IF(F83<14,IFERROR(VLOOKUP(SUBSTITUTE(SUBSTITUTE(H83,"~","~~"),"*","~*"),إعدادات_الأنواع!$A$4:$D$40,3,FALSE()),0),IFERROR(VLOOKUP(SUBSTITUTE(SUBSTITUTE(H83,"~","~~"),"*","~*"),إعدادات_الأنواع!$A$4:$D$40,4,FALSE()),0))))) -> 1500 | M83: =IF(OR(K83="لم يدفع",B83=""),"",IFERROR(VLOOKUP(SUBSTITUTE(SUBSTITUTE(H83,"~","~~"),"*","~*"),إعدادات_الأنواع!$A$4:$E$40,5,FALSE()),0)) -> 500 | N83: =IF(OR(K83="لم يدفع",K83="تأمين فقط",K83="اشتراك 300",B83=""),"",IFERROR(VLOOKUP(SUBSTITUTE(SUBSTITUTE(H83,"~","~~"),"*","~*"),إعدادات_الأنواع!$A$4:$F$40,6,FALSE()),0)) -> 1000 | O83: =IF(K83="لم يدفع","",IF(L83="","",IF(N83="",L83+M83,L83+M83))) -> 2000 | P83: =IF(B83="","",IF(K83="لم يدفع","🔒 مجمدة",IF(J83="","",IF(J83<TODAY(),"⛔ منتهي - يتطلب تجديد",IF(J83-5<=TODAY(),"⚠️ قريب الانتهاء","✅ ساري"))))) -> ✅ ساري | Q83: الأحد والأربعاء | R83: 19:00-20:00 | S83: =IF(B83="","",COUNTA(التجديد!E83:E83)) -> 0 | T83: =IF(B83="","",IFERROR(VLOOKUP(SUBSTITUTE(SUBSTITUTE(H83,"~","~~"),"*","~*"),إعدادات_الأنواع!$A$4:$B$40,2,FALSE()),"?")) -> RCS
A84: =IF(B84="","",IF(T84="?","⚠️ نوع غير معرف",T84&TEXT(COUNTIFS($T$3:T84,T84),"000"))) -> RCS082 | B84: عتيق | C84: حمزة إسلام | D84: 42018 | E84: ذكر | F84: =IF(D84="","",DATEDIF(D84,TODAY(),"Y")) -> 11 | G84: O+ | H84: / | I84: 46201 | J84: =IF(I84="","",I84+30) -> 46231 | K84: مدفوع | L84: =IF(OR(K84="لم يدفع",B84=""),"",IF(K84="تأمين فقط",0,IF(K84="اشتراك 300",300,IF(F84<14,IFERROR(VLOOKUP(SUBSTITUTE(SUBSTITUTE(H84,"~","~~"),"*","~*"),إعدادات_الأنواع!$A$4:$D$40,3,FALSE()),0),IFERROR(VLOOKUP(SUBSTITUTE(SUBSTITUTE(H84,"~","~~"),"*","~*"),إعدادات_الأنواع!$A$4:$D$40,4,FALSE()),0))))) -> 1300 | M84: =IF(OR(K84="لم يدفع",B84=""),"",IFERROR(VLOOKUP(SUBSTITUTE(SUBSTITUTE(H84,"~","~~"),"*","~*"),إعدادات_الأنواع!$A$4:$E$40,5,FALSE()),0)) -> 500 | N84: =IF(OR(K84="لم يدفع",K84="تأمين فقط",K84="اشتراك 300",B84=""),"",IFERROR(VLOOKUP(SUBSTITUTE(SUBSTITUTE(H84,"~","~~"),"*","~*"),إعدادات_الأنواع!$A$4:$F$40,6,FALSE()),0)) -> 1000 | O84: =IF(K84="لم يدفع","",IF(L84="","",IF(N84="",L84+M84,L84+M84))) -> 1800 | P84: =IF(B84="","",IF(K84="لم يدفع","🔒 مجمدة",IF(J84="","",IF(J84<TODAY(),"⛔ منتهي - يتطلب تجديد",IF(J84-5<=TODAY(),"⚠️ قريب الانتهاء","✅ ساري"))))) -> ✅ ساري | Q84: الأحد والأربعاء | R84: 10:00-11:00 | S84: =IF(B84="","",COUNTA(التجديد!E84:E84)) -> 0 | T84: =IF(B84="","",IFERROR(VLOOKUP(SUBSTITUTE(SUBSTITUTE(H84,"~","~~"),"*","~*"),إعدادات_الأنواع!$A$4:$B$40,2,FALSE()),"?")) -> RCS
A85: =IF(B85="","",IF(T85="?","⚠️ نوع غير معرف",T85&TEXT(COUNTIFS($T$3:T85,T85),"000"))) -> RCS083 | B85: عليلي | C85: عبد الرحيم | D85: 41989 | E85: ذكر | F85: =IF(D85="","",DATEDIF(D85,TODAY(),"Y")) -> 11 | H85: / | I85: 46201 | J85: =IF(I85="","",I85+30) -> 46231 | K85: مدفوع | L85: =IF(OR(K85="لم يدفع",B85=""),"",IF(K85="تأمين فقط",0,IF(K85="اشتراك 300",300,IF(F85<14,IFERROR(VLOOKUP(SUBSTITUTE(SUBSTITUTE(H85,"~","~~"),"*","~*"),إعدادات_الأنواع!$A$4:$D$40,3,FALSE()),0),IFERROR(VLOOKUP(SUBSTITUTE(SUBSTITUTE(H85,"~","~~"),"*","~*"),إعدادات_الأنواع!$A$4:$D$40,4,FALSE()),0))))) -> 1300 | M85: =IF(OR(K85="لم يدفع",B85=""),"",IFERROR(VLOOKUP(SUBSTITUTE(SUBSTITUTE(H85,"~","~~"),"*","~*"),إعدادات_الأنواع!$A$4:$E$40,5,FALSE()),0)) -> 500 | N85: =IF(OR(K85="لم يدفع",K85="تأمين فقط",K85="اشتراك 300",B85=""),"",IFERROR(VLOOKUP(SUBSTITUTE(SUBSTITUTE(H85,"~","~~"),"*","~*"),إعدادات_الأنواع!$A$4:$F$40,6,FALSE()),0)) -> 1000 | O85: =IF(K85="لم يدفع","",IF(L85="","",IF(N85="",L85+M85,L85+M85))) -> 1800 | P85: =IF(B85="","",IF(K85="لم يدفع","🔒 مجمدة",IF(J85="","",IF(J85<TODAY(),"⛔ منتهي - يتطلب تجديد",IF(J85-5<=TODAY(),"⚠️ قريب الانتهاء","✅ ساري"))))) -> ✅ ساري | Q85: الأحد والأربعاء | R85: 10:00-11:00 | S85: =IF(B85="","",COUNTA(التجديد!E85:E85)) -> 0 | T85: =IF(B85="","",IFERROR(VLOOKUP(SUBSTITUTE(SUBSTITUTE(H85,"~","~~"),"*","~*"),إعدادات_الأنواع!$A$4:$B$40,2,FALSE()),"?")) -> RCS
A86: =IF(B86="","",IF(T86="?","⚠️ نوع غير معرف",T86&TEXT(COUNTIFS($T$3:T86,T86),"000"))) -> RCS084 | B86: يحياوي | C86: اياد عبد الله | D86: 40890 | E86: ذكر | F86: =IF(D86="","",DATEDIF(D86,TODAY(),"Y")) -> 14 | G86: O+ | H86: / | I86: 46201 | J86: =IF(I86="","",I86+30) -> 46231 | K86: مدفوع | L86: =IF(OR(K86="لم يدفع",B86=""),"",IF(K86="تأمين فقط",0,IF(K86="اشتراك 300",300,IF(F86<14,IFERROR(VLOOKUP(SUBSTITUTE(SUBSTITUTE(H86,"~","~~"),"*","~*"),إعدادات_الأنواع!$A$4:$D$40,3,FALSE()),0),IFERROR(VLOOKUP(SUBSTITUTE(SUBSTITUTE(H86,"~","~~"),"*","~*"),إعدادات_الأنواع!$A$4:$D$40,4,FALSE()),0))))) -> 1500 | M86: =IF(OR(K86="لم يدفع",B86=""),"",IFERROR(VLOOKUP(SUBSTITUTE(SUBSTITUTE(H86,"~","~~"),"*","~*"),إعدادات_الأنواع!$A$4:$E$40,5,FALSE()),0)) -> 500 | N86: =IF(OR(K86="لم يدفع",K86="تأمين فقط",K86="اشتراك 300",B86=""),"",IFERROR(VLOOKUP(SUBSTITUTE(SUBSTITUTE(H86,"~","~~"),"*","~*"),إعدادات_الأنواع!$A$4:$F$40,6,FALSE()),0)) -> 1000 | O86: =IF(K86="لم يدفع","",IF(L86="","",IF(N86="",L86+M86,L86+M86))) -> 2000 | P86: =IF(B86="","",IF(K86="لم يدفع","🔒 مجمدة",IF(J86="","",IF(J86<TODAY(),"⛔ منتهي - يتطلب تجديد",IF(J86-5<=TODAY(),"⚠️ قريب الانتهاء","✅ ساري"))))) -> ✅ ساري | Q86: الأحد والأربعاء | R86: 19:00-20:00 | S86: =IF(B86="","",COUNTA(التجديد!E86:E86)) -> 0 | T86: =IF(B86="","",IFERROR(VLOOKUP(SUBSTITUTE(SUBSTITUTE(H86,"~","~~"),"*","~*"),إعدادات_الأنواع!$A$4:$B$40,2,FALSE()),"?")) -> RCS
A87: =IF(B87="","",IF(T87="?","⚠️ نوع غير معرف",T87&TEXT(COUNTIFS($T$3:T87,T87),"000"))) -> RCS085 | B87: حاج | C87: محمد خليفة نذير | D87: 40060 | E87: ذكر | F87: =IF(D87="","",DATEDIF(D87,TODAY(),"Y")) -> 16 | G87: O+ | H87: / | I87: 46201 | J87: =IF(I87="","",I87+30) -> 46231 | K87: مدفوع | L87: =IF(OR(K87="لم يدفع",B87=""),"",IF(K87="تأمين فقط",0,IF(K87="اشتراك 300",300,IF(F87<14,IFERROR(VLOOKUP(SUBSTITUTE(SUBSTITUTE(H87,"~","~~"),"*","~*"),إعدادات_الأنواع!$A$4:$D$40,3,FALSE()),0),IFERROR(VLOOKUP(SUBSTITUTE(SUBSTITUTE(H87,"~","~~"),"*","~*"),إعدادات_الأنواع!$A$4:$D$40,4,FALSE()),0))))) -> 1500 | M87: =IF(OR(K87="لم يدفع",B87=""),"",IFERROR(VLOOKUP(SUBSTITUTE(SUBSTITUTE(H87,"~","~~"),"*","~*"),إعدادات_الأنواع!$A$4:$E$40,5,FALSE()),0)) -> 500 | N87: =IF(OR(K87="لم يدفع",K87="تأمين فقط",K87="اشتراك 300",B87=""),"",IFERROR(VLOOKUP(SUBSTITUTE(SUBSTITUTE(H87,"~","~~"),"*","~*"),إعدادات_الأنواع!$A$4:$F$40,6,FALSE()),0)) -> 1000 | O87: =IF(K87="لم يدفع","",IF(L87="","",IF(N87="",L87+M87,L87+M87))) -> 2000 | P87: =IF(B87="","",IF(K87="لم يدفع","🔒 مجمدة",IF(J87="","",IF(J87<TODAY(),"⛔ منتهي - يتطلب تجديد",IF(J87-5<=TODAY(),"⚠️ قريب الانتهاء","✅ ساري"))))) -> ✅ ساري | Q87: الأحد والأربعاء | R87: 19:00-20:00 | S87: =IF(B87="","",COUNTA(التجديد!E87:E87)) -> 0 | T87: =IF(B87="","",IFERROR(VLOOKUP(SUBSTITUTE(SUBSTITUTE(H87,"~","~~"),"*","~*"),إعدادات_الأنواع!$A$4:$B$40,2,FALSE()),"?")) -> RCS
A88: =IF(B88="","",IF(T88="?","⚠️ نوع غير معرف",T88&TEXT(COUNTIFS($T$3:T88,T88),"000"))) -> RCS086 | B88: خرار | C88: عائشة | D88: 42936 | E88: أنثى | F88: =IF(D88="","",DATEDIF(D88,TODAY(),"Y")) -> 8 | H88: / | I88: 46201 | J88: =IF(I88="","",I88+30) -> 46231 | K88: مدفوع | L88: =IF(OR(K88="لم يدفع",B88=""),"",IF(K88="تأمين فقط",0,IF(K88="اشتراك 300",300,IF(F88<14,IFERROR(VLOOKUP(SUBSTITUTE(SUBSTITUTE(H88,"~","~~"),"*","~*"),إعدادات_الأنواع!$A$4:$D$40,3,FALSE()),0),IFERROR(VLOOKUP(SUBSTITUTE(SUBSTITUTE(H88,"~","~~"),"*","~*"),إعدادات_الأنواع!$A$4:$D$40,4,FALSE()),0))))) -> 1300 | M88: =IF(OR(K88="لم يدفع",B88=""),"",IFERROR(VLOOKUP(SUBSTITUTE(SUBSTITUTE(H88,"~","~~"),"*","~*"),إعدادات_الأنواع!$A$4:$E$40,5,FALSE()),0)) -> 500 | N88: =IF(OR(K88="لم يدفع",K88="تأمين فقط",K88="اشتراك 300",B88=""),"",IFERROR(VLOOKUP(SUBSTITUTE(SUBSTITUTE(H88,"~","~~"),"*","~*"),إعدادات_الأنواع!$A$4:$F$40,6,FALSE()),0)) -> 1000 | O88: =IF(K88="لم يدفع","",IF(L88="","",IF(N88="",L88+M88,L88+M88))) -> 1800 | P88: =IF(B88="","",IF(K88="لم يدفع","🔒 مجمدة",IF(J88="","",IF(J88<TODAY(),"⛔ منتهي - يتطلب تجديد",IF(J88-5<=TODAY(),"⚠️ قريب الانتهاء","✅ ساري"))))) -> ✅ ساري | Q88: الأحد والأربعاء | R88: 9:00-10:00 | S88: =IF(B88="","",COUNTA(التجديد!E88:E88)) -> 0 | T88: =IF(B88="","",IFERROR(VLOOKUP(SUBSTITUTE(SUBSTITUTE(H88,"~","~~"),"*","~*"),إعدادات_الأنواع!$A$4:$B$40,2,FALSE()),"?")) -> RCS
A89: =IF(B89="","",IF(T89="?","⚠️ نوع غير معرف",T89&TEXT(COUNTIFS($T$3:T89,T89),"000"))) -> RCS087 | B89: ديدي | C89: عبد الكريم | D89: 42467 | E89: ذكر | F89: =IF(D89="","",DATEDIF(D89,TODAY(),"Y")) -> 10 | H89: DJS | I89: 46204 | J89: =IF(I89="","",I89+30) -> 46234 | K89: مدفوع | L89: =IF(OR(K89="لم يدفع",B89=""),"",IF(K89="تأمين فقط",0,IF(K89="اشتراك 300",300,IF(F89<14,IFERROR(VLOOKUP(SUBSTITUTE(SUBSTITUTE(H89,"~","~~"),"*","~*"),إعدادات_الأنواع!$A$4:$D$40,3,FALSE()),0),IFERROR(VLOOKUP(SUBSTITUTE(SUBSTITUTE(H89,"~","~~"),"*","~*"),إعدادات_الأنواع!$A$4:$D$40,4,FALSE()),0))))) -> 300 | M89: =IF(OR(K89="لم يدفع",B89=""),"",IFERROR(VLOOKUP(SUBSTITUTE(SUBSTITUTE(H89,"~","~~"),"*","~*"),إعدادات_الأنواع!$A$4:$E$40,5,FALSE()),0)) -> 500 | N89: =IF(OR(K89="لم يدفع",K89="تأمين فقط",K89="اشتراك 300",B89=""),"",IFERROR(VLOOKUP(SUBSTITUTE(SUBSTITUTE(H89,"~","~~"),"*","~*"),إعدادات_الأنواع!$A$4:$F$40,6,FALSE()),0)) -> 0 | O89: =IF(K89="لم يدفع","",IF(L89="","",IF(N89="",L89+M89,L89+M89))) -> 800 | P89: =IF(B89="","",IF(K89="لم يدفع","🔒 مجمدة",IF(J89="","",IF(J89<TODAY(),"⛔ منتهي - يتطلب تجديد",IF(J89-5<=TODAY(),"⚠️ قريب الانتهاء","✅ ساري"))))) -> ✅ ساري | Q89: الأحد والأربعاء | R89: 10:00-11:00 | S89: =IF(B89="","",COUNTA(التجديد!E89:E89)) -> 0 | T89: =IF(B89="","",IFERROR(VLOOKUP(SUBSTITUTE(SUBSTITUTE(H89,"~","~~"),"*","~*"),إعدادات_الأنواع!$A$4:$B$40,2,FALSE()),"?")) -> RCS
A90: =IF(B90="","",IF(T90="?","⚠️ نوع غير معرف",T90&TEXT(COUNTIFS($T$3:T90,T90),"000"))) -> RCS088 | B90: خرشي | C90: رضوان | D90: 40972 | E90: ذكر | F90: =IF(D90="","",DATEDIF(D90,TODAY(),"Y")) -> 14 | G90: O+ | H90: / | I90: 46204 | J90: =IF(I90="","",I90+30) -> 46234 | K90: مدفوع | L90: =IF(OR(K90="لم يدفع",B90=""),"",IF(K90="تأمين فقط",0,IF(K90="اشتراك 300",300,IF(F90<14,IFERROR(VLOOKUP(SUBSTITUTE(SUBSTITUTE(H90,"~","~~"),"*","~*"),إعدادات_الأنواع!$A$4:$D$40,3,FALSE()),0),IFERROR(VLOOKUP(SUBSTITUTE(SUBSTITUTE(H90,"~","~~"),"*","~*"),إعدادات_الأنواع!$A$4:$D$40,4,FALSE()),0))))) -> 1500 | M90: =IF(OR(K90="لم يدفع",B90=""),"",IFERROR(VLOOKUP(SUBSTITUTE(SUBSTITUTE(H90,"~","~~"),"*","~*"),إعدادات_الأنواع!$A$4:$E$40,5,FALSE()),0)) -> 500 | N90: =IF(OR(K90="لم يدفع",K90="تأمين فقط",K90="اشتراك 300",B90=""),"",IFERROR(VLOOKUP(SUBSTITUTE(SUBSTITUTE(H90,"~","~~"),"*","~*"),إعدادات_الأنواع!$A$4:$F$40,6,FALSE()),0)) -> 1000 | O90: =IF(K90="لم يدفع","",IF(L90="","",IF(N90="",L90+M90,L90+M90))) -> 2000 | P90: =IF(B90="","",IF(K90="لم يدفع","🔒 مجمدة",IF(J90="","",IF(J90<TODAY(),"⛔ منتهي - يتطلب تجديد",IF(J90-5<=TODAY(),"⚠️ قريب الانتهاء","✅ ساري"))))) -> ✅ ساري | Q90: الأحد والأربعاء | R90: 10:00-11:00 | S90: =IF(B90="","",COUNTA(التجديد!E90:E90)) -> 0 | T90: =IF(B90="","",IFERROR(VLOOKUP(SUBSTITUTE(SUBSTITUTE(H90,"~","~~"),"*","~*"),إعدادات_الأنواع!$A$4:$B$40,2,FALSE()),"?")) -> RCS
A91: =IF(B91="","",IF(T91="?","⚠️ نوع غير معرف",T91&TEXT(COUNTIFS($T$3:T91,T91),"000"))) -> RCS089 | B91: راس مال | C91: عبد القادر | D91: 25076 | E91: ذكر | F91: =IF(D91="","",DATEDIF(D91,TODAY(),"Y")) -> 57 | G91: B+ | H91: / | I91: 46204 | J91: =IF(I91="","",I91+30) -> 46234 | K91: مدفوع | L91: =IF(OR(K91="لم يدفع",B91=""),"",IF(K91="تأمين فقط",0,IF(K91="اشتراك 300",300,IF(F91<14,IFERROR(VLOOKUP(SUBSTITUTE(SUBSTITUTE(H91,"~","~~"),"*","~*"),إعدادات_الأنواع!$A$4:$D$40,3,FALSE()),0),IFERROR(VLOOKUP(SUBSTITUTE(SUBSTITUTE(H91,"~","~~"),"*","~*"),إعدادات_الأنواع!$A$4:$D$40,4,FALSE()),0))))) -> 1500 | M91: =IF(OR(K91="لم يدفع",B91=""),"",IFERROR(VLOOKUP(SUBSTITUTE(SUBSTITUTE(H91,"~","~~"),"*","~*"),إعدادات_الأنواع!$A$4:$E$40,5,FALSE()),0)) -> 500 | N91: =IF(OR(K91="لم يدفع",K91="تأمين فقط",K91="اشتراك 300",B91=""),"",IFERROR(VLOOKUP(SUBSTITUTE(SUBSTITUTE(H91,"~","~~"),"*","~*"),إعدادات_الأنواع!$A$4:$F$40,6,FALSE()),0)) -> 1000 | O91: =IF(K91="لم يدفع","",IF(L91="","",IF(N91="",L91+M91,L91+M91))) -> 2000 | P91: =IF(B91="","",IF(K91="لم يدفع","🔒 مجمدة",IF(J91="","",IF(J91<TODAY(),"⛔ منتهي - يتطلب تجديد",IF(J91-5<=TODAY(),"⚠️ قريب الانتهاء","✅ ساري"))))) -> ✅ ساري | Q91: الأحد والأربعاء | R91: 19:00-20:00 | S91: =IF(B91="","",COUNTA(التجديد!E91:E91)) -> 0 | T91: =IF(B91="","",IFERROR(VLOOKUP(SUBSTITUTE(SUBSTITUTE(H91,"~","~~"),"*","~*"),إعدادات_الأنواع!$A$4:$B$40,2,FALSE()),"?")) -> RCS
A92: =IF(B92="","",IF(T92="?","⚠️ نوع غير معرف",T92&TEXT(COUNTIFS($T$3:T92,T92),"000"))) -> RCS090 | B92: سويح | C92: ضحى ملاك | D92: 43143 | E92: أنثى | F92: =IF(D92="","",DATEDIF(D92,TODAY(),"Y")) -> 8 | G92: A+ | H92: / | I92: 46204 | J92: =IF(I92="","",I92+30) -> 46234 | K92: مدفوع | L92: =IF(OR(K92="لم يدفع",B92=""),"",IF(K92="تأمين فقط",0,IF(K92="اشتراك 300",300,IF(F92<14,IFERROR(VLOOKUP(SUBSTITUTE(SUBSTITUTE(H92,"~","~~"),"*","~*"),إعدادات_الأنواع!$A$4:$D$40,3,FALSE()),0),IFERROR(VLOOKUP(SUBSTITUTE(SUBSTITUTE(H92,"~","~~"),"*","~*"),إعدادات_الأنواع!$A$4:$D$40,4,FALSE()),0))))) -> 1300 | M92: =IF(OR(K92="لم يدفع",B92=""),"",IFERROR(VLOOKUP(SUBSTITUTE(SUBSTITUTE(H92,"~","~~"),"*","~*"),إعدادات_الأنواع!$A$4:$E$40,5,FALSE()),0)) -> 500 | N92: =IF(OR(K92="لم يدفع",K92="تأمين فقط",K92="اشتراك 300",B92=""),"",IFERROR(VLOOKUP(SUBSTITUTE(SUBSTITUTE(H92,"~","~~"),"*","~*"),إعدادات_الأنواع!$A$4:$F$40,6,FALSE()),0)) -> 1000 | O92: =IF(K92="لم يدفع","",IF(L92="","",IF(N92="",L92+M92,L92+M92))) -> 1800 | P92: =IF(B92="","",IF(K92="لم يدفع","🔒 مجمدة",IF(J92="","",IF(J92<TODAY(),"⛔ منتهي - يتطلب تجديد",IF(J92-5<=TODAY(),"⚠️ قريب الانتهاء","✅ ساري"))))) -> ✅ ساري | Q92: الأحد والأربعاء | R92: 09:00-10:00 | S92: =IF(B92="","",COUNTA(التجديد!E92:E92)) -> 0 | T92: =IF(B92="","",IFERROR(VLOOKUP(SUBSTITUTE(SUBSTITUTE(H92,"~","~~"),"*","~*"),إعدادات_الأنواع!$A$4:$B$40,2,FALSE()),"?")) -> RCS
A93: =IF(B93="","",IF(T93="?","⚠️ نوع غير معرف",T93&TEXT(COUNTIFS($T$3:T93,T93),"000"))) -> RCS091 | B93: سويح | C93: ريان | D93: 42324 | E93: ذكر | F93: =IF(D93="","",DATEDIF(D93,TODAY(),"Y")) -> 10 | G93: O+ | H93: DJS | I93: 46204 | J93: =IF(I93="","",I93+30) -> 46234 | K93: مدفوع | L93: =IF(OR(K93="لم يدفع",B93=""),"",IF(K93="تأمين فقط",0,IF(K93="اشتراك 300",300,IF(F93<14,IFERROR(VLOOKUP(SUBSTITUTE(SUBSTITUTE(H93,"~","~~"),"*","~*"),إعدادات_الأنواع!$A$4:$D$40,3,FALSE()),0),IFERROR(VLOOKUP(SUBSTITUTE(SUBSTITUTE(H93,"~","~~"),"*","~*"),إعدادات_الأنواع!$A$4:$D$40,4,FALSE()),0))))) -> 300 | M93: =IF(OR(K93="لم يدفع",B93=""),"",IFERROR(VLOOKUP(SUBSTITUTE(SUBSTITUTE(H93,"~","~~"),"*","~*"),إعدادات_الأنواع!$A$4:$E$40,5,FALSE()),0)) -> 500 | N93: =IF(OR(K93="لم يدفع",K93="تأمين فقط",K93="اشتراك 300",B93=""),"",IFERROR(VLOOKUP(SUBSTITUTE(SUBSTITUTE(H93,"~","~~"),"*","~*"),إعدادات_الأنواع!$A$4:$F$40,6,FALSE()),0)) -> 0 | O93: =IF(K93="لم يدفع","",IF(L93="","",IF(N93="",L93+M93,L93+M93))) -> 800 | P93: =IF(B93="","",IF(K93="لم يدفع","🔒 مجمدة",IF(J93="","",IF(J93<TODAY(),"⛔ منتهي - يتطلب تجديد",IF(J93-5<=TODAY(),"⚠️ قريب الانتهاء","✅ ساري"))))) -> ✅ ساري | Q93: الأحد والأربعاء | R93: 09:00-10:00 | S93: =IF(B93="","",COUNTA(التجديد!E93:E93)) -> 0 | T93: =IF(B93="","",IFERROR(VLOOKUP(SUBSTITUTE(SUBSTITUTE(H93,"~","~~"),"*","~*"),إعدادات_الأنواع!$A$4:$B$40,2,FALSE()),"?")) -> RCS
A94: =IF(B94="","",IF(T94="?","⚠️ نوع غير معرف",T94&TEXT(COUNTIFS($T$3:T94,T94),"000"))) -> RCS092 | B94: شهروري هبة الرحمان | C94: هبة الرحمان | D94: 41897 | E94: أنثى | F94: =IF(D94="","",DATEDIF(D94,TODAY(),"Y")) -> 11 | H94: DJS | I94: 46208 | J94: =IF(I94="","",I94+30) -> 46238 | K94: مدفوع | L94: =IF(OR(K94="لم يدفع",B94=""),"",IF(K94="تأمين فقط",0,IF(K94="اشتراك 300",300,IF(F94<14,IFERROR(VLOOKUP(SUBSTITUTE(SUBSTITUTE(H94,"~","~~"),"*","~*"),إعدادات_الأنواع!$A$4:$D$40,3,FALSE()),0),IFERROR(VLOOKUP(SUBSTITUTE(SUBSTITUTE(H94,"~","~~"),"*","~*"),إعدادات_الأنواع!$A$4:$D$40,4,FALSE()),0))))) -> 300 | M94: =IF(OR(K94="لم يدفع",B94=""),"",IFERROR(VLOOKUP(SUBSTITUTE(SUBSTITUTE(H94,"~","~~"),"*","~*"),إعدادات_الأنواع!$A$4:$E$40,5,FALSE()),0)) -> 500 | N94: =IF(OR(K94="لم يدفع",K94="تأمين فقط",K94="اشتراك 300",B94=""),"",IFERROR(VLOOKUP(SUBSTITUTE(SUBSTITUTE(H94,"~","~~"),"*","~*"),إعدادات_الأنواع!$A$4:$F$40,6,FALSE()),0)) -> 0 | O94: =IF(K94="لم يدفع","",IF(L94="","",IF(N94="",L94+M94,L94+M94))) -> 800 | P94: =IF(B94="","",IF(K94="لم يدفع","🔒 مجمدة",IF(J94="","",IF(J94<TODAY(),"⛔ منتهي - يتطلب تجديد",IF(J94-5<=TODAY(),"⚠️ قريب الانتهاء","✅ ساري"))))) -> ✅ ساري | Q94: الأحد والأربعاء | R94: 10:00-11:00 | S94: =IF(B94="","",COUNTA(التجديد!E94:E94)) -> 0 | T94: =IF(B94="","",IFERROR(VLOOKUP(SUBSTITUTE(SUBSTITUTE(H94,"~","~~"),"*","~*"),إعدادات_الأنواع!$A$4:$B$40,2,FALSE()),"?")) -> RCS
A95: =IF(B95="","",IF(T95="?","⚠️ نوع غير معرف",T95&TEXT(COUNTIFS($T$3:T95,T95),"000"))) -> RCS093 | B95: شهروري | C95: معاد | D95: 44649 | E95: ذكر | F95: =IF(D95="","",DATEDIF(D95,TODAY(),"Y")) -> 4 | H95: DJS | I95: 46208 | J95: =IF(I95="","",I95+30) -> 46238 | K95: مدفوع | L95: =IF(OR(K95="لم يدفع",B95=""),"",IF(K95="تأمين فقط",0,IF(K95="اشتراك 300",300,IF(F95<14,IFERROR(VLOOKUP(SUBSTITUTE(SUBSTITUTE(H95,"~","~~"),"*","~*"),إعدادات_الأنواع!$A$4:$D$40,3,FALSE()),0),IFERROR(VLOOKUP(SUBSTITUTE(SUBSTITUTE(H95,"~","~~"),"*","~*"),إعدادات_الأنواع!$A$4:$D$40,4,FALSE()),0))))) -> 300 | M95: =IF(OR(K95="لم يدفع",B95=""),"",IFERROR(VLOOKUP(SUBSTITUTE(SUBSTITUTE(H95,"~","~~"),"*","~*"),إعدادات_الأنواع!$A$4:$E$40,5,FALSE()),0)) -> 500 | N95: =IF(OR(K95="لم يدفع",K95="تأمين فقط",K95="اشتراك 300",B95=""),"",IFERROR(VLOOKUP(SUBSTITUTE(SUBSTITUTE(H95,"~","~~"),"*","~*"),إعدادات_الأنواع!$A$4:$F$40,6,FALSE()),0)) -> 0 | O95: =IF(K95="لم يدفع","",IF(L95="","",IF(N95="",L95+M95,L95+M95))) -> 800 | P95: =IF(B95="","",IF(K95="لم يدفع","🔒 مجمدة",IF(J95="","",IF(J95<TODAY(),"⛔ منتهي - يتطلب تجديد",IF(J95-5<=TODAY(),"⚠️ قريب الانتهاء","✅ ساري"))))) -> ✅ ساري | Q95: الأحد والأربعاء | R95: 10:00-11:00 | S95: =IF(B95="","",COUNTA(التجديد!E95:E95)) -> 0 | T95: =IF(B95="","",IFERROR(VLOOKUP(SUBSTITUTE(SUBSTITUTE(H95,"~","~~"),"*","~*"),إعدادات_الأنواع!$A$4:$B$40,2,FALSE()),"?")) -> RCS
A96: =IF(B96="","",IF(T96="?","⚠️ نوع غير معرف",T96&TEXT(COUNTIFS($T$3:T96,T96),"000"))) -> RCS094 | B96: شهرور | C96: عبد الرحمن | D96: 42905 | E96: ذكر | F96: =IF(D96="","",DATEDIF(D96,TODAY(),"Y")) -> 9 | H96: DJS | I96: 46204 | J96: =IF(I96="","",I96+30) -> 46234 | K96: لم يدفع | L96: =IF(OR(K96="لم يدفع",B96=""),"",IF(K96="تأمين فقط",0,IF(K96="اشتراك 300",300,IF(F96<14,IFERROR(VLOOKUP(SUBSTITUTE(SUBSTITUTE(H96,"~","~~"),"*","~*"),إعدادات_الأنواع!$A$4:$D$40,3,FALSE()),0),IFERROR(VLOOKUP(SUBSTITUTE(SUBSTITUTE(H96,"~","~~"),"*","~*"),إعدادات_الأنواع!$A$4:$D$40,4,FALSE()),0))))) | M96: =IF(OR(K96="لم يدفع",B96=""),"",IFERROR(VLOOKUP(SUBSTITUTE(SUBSTITUTE(H96,"~","~~"),"*","~*"),إعدادات_الأنواع!$A$4:$E$40,5,FALSE()),0)) | N96: =IF(OR(K96="لم يدفع",K96="تأمين فقط",K96="اشتراك 300",B96=""),"",IFERROR(VLOOKUP(SUBSTITUTE(SUBSTITUTE(H96,"~","~~"),"*","~*"),إعدادات_الأنواع!$A$4:$F$40,6,FALSE()),0)) | O96: =IF(K96="لم يدفع","",IF(L96="","",IF(N96="",L96+M96,L96+M96))) | P96: =IF(B96="","",IF(K96="لم يدفع","🔒 مجمدة",IF(J96="","",IF(J96<TODAY(),"⛔ منتهي - يتطلب تجديد",IF(J96-5<=TODAY(),"⚠️ قريب الانتهاء","✅ ساري"))))) -> 🔒 مجمدة | Q96: الأحد والأربعاء | R96: 10:00-11:00 | S96: =IF(B96="","",COUNTA(التجديد!E96:E96)) -> 0 | T96: =IF(B96="","",IFERROR(VLOOKUP(SUBSTITUTE(SUBSTITUTE(H96,"~","~~"),"*","~*"),إعدادات_الأنواع!$A$4:$B$40,2,FALSE()),"?")) -> RCS
A97: =IF(B97="","",IF(T97="?","⚠️ نوع غير معرف",T97&TEXT(COUNTIFS($T$3:T97,T97),"000"))) -> RCS095 | B97: عتبي | C97: محمد وائل ياسين | D97: 40953 | E97: ذكر | F97: =IF(D97="","",DATEDIF(D97,TODAY(),"Y")) -> 14 | H97: / | I97: 46201 | J97: =IF(I97="","",I97+30) -> 46231 | K97: مدفوع | L97: =IF(OR(K97="لم يدفع",B97=""),"",IF(K97="تأمين فقط",0,IF(K97="اشتراك 300",300,IF(F97<14,IFERROR(VLOOKUP(SUBSTITUTE(SUBSTITUTE(H97,"~","~~"),"*","~*"),إعدادات_الأنواع!$A$4:$D$40,3,FALSE()),0),IFERROR(VLOOKUP(SUBSTITUTE(SUBSTITUTE(H97,"~","~~"),"*","~*"),إعدادات_الأنواع!$A$4:$D$40,4,FALSE()),0))))) -> 1500 | M97: =IF(OR(K97="لم يدفع",B97=""),"",IFERROR(VLOOKUP(SUBSTITUTE(SUBSTITUTE(H97,"~","~~"),"*","~*"),إعدادات_الأنواع!$A$4:$E$40,5,FALSE()),0)) -> 500 | N97: =IF(OR(K97="لم يدفع",K97="تأمين فقط",K97="اشتراك 300",B97=""),"",IFERROR(VLOOKUP(SUBSTITUTE(SUBSTITUTE(H97,"~","~~"),"*","~*"),إعدادات_الأنواع!$A$4:$F$40,6,FALSE()),0)) -> 1000 | O97: =IF(K97="لم يدفع","",IF(L97="","",IF(N97="",L97+M97,L97+M97))) -> 2000 | P97: =IF(B97="","",IF(K97="لم يدفع","🔒 مجمدة",IF(J97="","",IF(J97<TODAY(),"⛔ منتهي - يتطلب تجديد",IF(J97-5<=TODAY(),"⚠️ قريب الانتهاء","✅ ساري"))))) -> ✅ ساري | Q97: الأحد والأربعاء | R97: 10:00-11:00 | S97: =IF(B97="","",COUNTA(التجديد!E97:E97)) -> 0 | T97: =IF(B97="","",IFERROR(VLOOKUP(SUBSTITUTE(SUBSTITUTE(H97,"~","~~"),"*","~*"),إعدادات_الأنواع!$A$4:$B$40,2,FALSE()),"?")) -> RCS
A98: =IF(B98="","",IF(T98="?","⚠️ نوع غير معرف",T98&TEXT(COUNTIFS($T$3:T98,T98),"000"))) -> RCS096 | B98: خزيني | C98: محمد عماد الدين | D98: 42195 | E98: ذكر | F98: =IF(D98="","",DATEDIF(D98,TODAY(),"Y")) -> 11 | H98: / | I98: 46204 | J98: =IF(I98="","",I98+30) -> 46234 | K98: مدفوع | L98: =IF(OR(K98="لم يدفع",B98=""),"",IF(K98="تأمين فقط",0,IF(K98="اشتراك 300",300,IF(F98<14,IFERROR(VLOOKUP(SUBSTITUTE(SUBSTITUTE(H98,"~","~~"),"*","~*"),إعدادات_الأنواع!$A$4:$D$40,3,FALSE()),0),IFERROR(VLOOKUP(SUBSTITUTE(SUBSTITUTE(H98,"~","~~"),"*","~*"),إعدادات_الأنواع!$A$4:$D$40,4,FALSE()),0))))) -> 1300 | M98: =IF(OR(K98="لم يدفع",B98=""),"",IFERROR(VLOOKUP(SUBSTITUTE(SUBSTITUTE(H98,"~","~~"),"*","~*"),إعدادات_الأنواع!$A$4:$E$40,5,FALSE()),0)) -> 500 | N98: =IF(OR(K98="لم يدفع",K98="تأمين فقط",K98="اشتراك 300",B98=""),"",IFERROR(VLOOKUP(SUBSTITUTE(SUBSTITUTE(H98,"~","~~"),"*","~*"),إعدادات_الأنواع!$A$4:$F$40,6,FALSE()),0)) -> 1000 | O98: =IF(K98="لم يدفع","",IF(L98="","",IF(N98="",L98+M98,L98+M98))) -> 1800 | P98: =IF(B98="","",IF(K98="لم يدفع","🔒 مجمدة",IF(J98="","",IF(J98<TODAY(),"⛔ منتهي - يتطلب تجديد",IF(J98-5<=TODAY(),"⚠️ قريب الانتهاء","✅ ساري"))))) -> ✅ ساري | Q98: الأحد والأربعاء | R98: 10:00-11:00 | S98: =IF(B98="","",COUNTA(التجديد!E98:E98)) -> 0 | T98: =IF(B98="","",IFERROR(VLOOKUP(SUBSTITUTE(SUBSTITUTE(H98,"~","~~"),"*","~*"),إعدادات_الأنواع!$A$4:$B$40,2,FALSE()),"?")) -> RCS
A99: =IF(B99="","",IF(T99="?","⚠️ نوع غير معرف",T99&TEXT(COUNTIFS($T$3:T99,T99),"000"))) -> RCS097 | B99: يحياوي | C99: خديجة | D99: 41648 | E99: أنثى | F99: =IF(D99="","",DATEDIF(D99,TODAY(),"Y")) -> 12 | G99: O+ | H99: / | I99: 46208 | J99: =IF(I99="","",I99+30) -> 46238 | K99: مدفوع | L99: =IF(OR(K99="لم يدفع",B99=""),"",IF(K99="تأمين فقط",0,IF(K99="اشتراك 300",300,IF(F99<14,IFERROR(VLOOKUP(SUBSTITUTE(SUBSTITUTE(H99,"~","~~"),"*","~*"),إعدادات_الأنواع!$A$4:$D$40,3,FALSE()),0),IFERROR(VLOOKUP(SUBSTITUTE(SUBSTITUTE(H99,"~","~~"),"*","~*"),إعدادات_الأنواع!$A$4:$D$40,4,FALSE()),0))))) -> 1300 | M99: =IF(OR(K99="لم يدفع",B99=""),"",IFERROR(VLOOKUP(SUBSTITUTE(SUBSTITUTE(H99,"~","~~"),"*","~*"),إعدادات_الأنواع!$A$4:$E$40,5,FALSE()),0)) -> 500 | N99: =IF(OR(K99="لم يدفع",K99="تأمين فقط",K99="اشتراك 300",B99=""),"",IFERROR(VLOOKUP(SUBSTITUTE(SUBSTITUTE(H99,"~","~~"),"*","~*"),إعدادات_الأنواع!$A$4:$F$40,6,FALSE()),0)) -> 1000 | O99: =IF(K99="لم يدفع","",IF(L99="","",IF(N99="",L99+M99,L99+M99))) -> 1800 | P99: =IF(B99="","",IF(K99="لم يدفع","🔒 مجمدة",IF(J99="","",IF(J99<TODAY(),"⛔ منتهي - يتطلب تجديد",IF(J99-5<=TODAY(),"⚠️ قريب الانتهاء","✅ ساري"))))) -> ✅ ساري | Q99: الأحد والأربعاء | R99: 09:00-10:00 | S99: =IF(B99="","",COUNTA(التجديد!E99:E99)) -> 0 | T99: =IF(B99="","",IFERROR(VLOOKUP(SUBSTITUTE(SUBSTITUTE(H99,"~","~~"),"*","~*"),إعدادات_الأنواع!$A$4:$B$40,2,FALSE()),"?")) -> RCS
A100: =IF(B100="","",IF(T100="?","⚠️ نوع غير معرف",T100&TEXT(COUNTIFS($T$3:T100,T100),"000"))) -> RCS098 | B100: صوان | C100: ابتهال فاطمة الزهراء | D100: 43757 | E100: أنثى | F100: =IF(D100="","",DATEDIF(D100,TODAY(),"Y")) -> 6 | G100: O+ | H100: / | I100: 46208 | J100: =IF(I100="","",I100+30) -> 46238 | K100: مدفوع | L100: =IF(OR(K100="لم يدفع",B100=""),"",IF(K100="تأمين فقط",0,IF(K100="اشتراك 300",300,IF(F100<14,IFERROR(VLOOKUP(SUBSTITUTE(SUBSTITUTE(H100,"~","~~"),"*","~*"),إعدادات_الأنواع!$A$4:$D$40,3,FALSE()),0),IFERROR(VLOOKUP(SUBSTITUTE(SUBSTITUTE(H100,"~","~~"),"*","~*"),إعدادات_الأنواع!$A$4:$D$40,4,FALSE()),0))))) -> 1300 | M100: =IF(OR(K100="لم يدفع",B100=""),"",IFERROR(VLOOKUP(SUBSTITUTE(SUBSTITUTE(H100,"~","~~"),"*","~*"),إعدادات_الأنواع!$A$4:$E$40,5,FALSE()),0)) -> 500 | N100: =IF(OR(K100="لم يدفع",K100="تأمين فقط",K100="اشتراك 300",B100=""),"",IFERROR(VLOOKUP(SUBSTITUTE(SUBSTITUTE(H100,"~","~~"),"*","~*"),إعدادات_الأنواع!$A$4:$F$40,6,FALSE()),0)) -> 1000 | O100: =IF(K100="لم يدفع","",IF(L100="","",IF(N100="",L100+M100,L100+M100))) -> 1800 | P100: =IF(B100="","",IF(K100="لم يدفع","🔒 مجمدة",IF(J100="","",IF(J100<TODAY(),"⛔ منتهي - يتطلب تجديد",IF(J100-5<=TODAY(),"⚠️ قريب الانتهاء","✅ ساري"))))) -> ✅ ساري | Q100: الأحد والأربعاء | R100: 09:00-10:00 | S100: =IF(B100="","",COUNTA(التجديد!E100:E100)) -> 0 | T100: =IF(B100="","",IFERROR(VLOOKUP(SUBSTITUTE(SUBSTITUTE(H100,"~","~~"),"*","~*"),إعدادات_الأنواع!$A$4:$B$40,2,FALSE()),"?")) -> RCS
...

Sheet إعدادات_الأنواع
A1: ⚙️ إعدادات أنواع الاشتراك — نادي RCS
A2: لإضافة نوع اشتراك جديد: أضف سطراً جديداً أسفل الجدول بنفس الأعمدة — سيعمل تلقائياً في كل الملف (الترقيم + الرسوم) دون أي تعديل على الصيغ.
A3: كود النوع (كما يُكتب في H) | B3: البادئة (Prefix) | C3: رسوم الاشتراك (تحت 14 سنة) | D3: رسوم الاشتراك (14 سنة فأكثر) | E3: رسوم التأمين | F3: حقوق المركب | G3: ملاحظات
A4: / | B4: RCS | C4: 1300 | D4: 1500 | E4: 500 | F4: 1000 | G4: اشتراك عادي
A5: DJS | B5: RCS | C5: 300 | D5: 500 | E5: 500 | F5: 0 | G5: الاشتراك و التأمين فقط
A6: POLICE | B6: RCS | C6: 300 | D6: 300 | E6: 500 | F6: 0 | G6: الاشتراك و التأمين فقط
A7: MJ | B7: RCS | C7: 0 | D7: 0 | E7: 0 | F7: 0 | G7: معفى استثنائيًا من رسوم الاشتراك والتأمين
A8: ** | B8: X | C8: 0 | D8: 0 | E8: 0 | F8: 0 | G8: معفى من جميع الرسوم

Sheet حقوق_المركب
A1: 🏊 سجل حقوق المركب — نادي RCS
A2: اللقب | B2: الاسم | C2: المبلغ
A3: =IF(بيانات!N3=1000,بيانات!B3,"") -> بورقعة | B3: =IF(بيانات!N3=1000,بيانات!C3,"") -> محمد الأمين | C3: =IF(بيانات!N3=1000,1000,"") -> 1000
A4: =IF(بيانات!N4=1000,بيانات!B4,"") -> براهمي | B4: =IF(بيانات!N4=1000,بيانات!C4,"") -> ياسين صلاح الدين | C4: =IF(بيانات!N4=1000,1000,"") -> 1000
A5: =IF(بيانات!N5=1000,بيانات!B5,"") -> براهمي | B5: =IF(بيانات!N5=1000,بيانات!C5,"") -> فؤاد عبد القادر | C5: =IF(بيانات!N5=1000,1000,"") -> 1000
A6: =IF(بيانات!N6=1000,بيانات!B6,"") -> يحياوي | B6: =IF(بيانات!N6=1000,بيانات!C6,"") -> عز الدين عبد القادر | C6: =IF(بيانات!N6=1000,1000,"") -> 1000
A7: =IF(بيانات!N7=1000,بيانات!B7,"") | B7: =IF(بيانات!N7=1000,بيانات!C7,"") | C7: =IF(بيانات!N7=1000,1000,"")
A8: =IF(بيانات!N8=1000,بيانات!B8,"") | B8: =IF(بيانات!N8=1000,بيانات!C8,"") | C8: =IF(بيانات!N8=1000,1000,"")
A9: =IF(بيانات!N9=1000,بيانات!B9,"") | B9: =IF(بيانات!N9=1000,بيانات!C9,"") | C9: =IF(بيانات!N9=1000,1000,"")
A10: =IF(بيانات!N10=1000,بيانات!B10,"") | B10: =IF(بيانات!N10=1000,بيانات!C10,"") | C10: =IF(بيانات!N10=1000,1000,"")
A11: =IF(بيانات!N11=1000,بيانات!B11,"") -> علام | B11: =IF(بيانات!N11=1000,بيانات!C11,"") -> محمد | C11: =IF(بيانات!N11=1000,1000,"") -> 1000
A12: =IF(بيانات!N12=1000,بيانات!B12,"") -> علو | B12: =IF(بيانات!N12=1000,بيانات!C12,"") -> ادم ضياء الدين | C12: =IF(بيانات!N12=1000,1000,"") -> 1000
A13: =IF(بيانات!N13=1000,بيانات!B13,"") -> بغاديد | B13: =IF(بيانات!N13=1000,بيانات!C13,"") -> احمد عماد الدين | C13: =IF(بيانات!N13=1000,1000,"") -> 1000
A14: =IF(بيانات!N14=1000,بيانات!B14,"") -> هواري | B14: =IF(بيانات!N14=1000,بيانات!C14,"") -> عماد ايمن | C14: =IF(بيانات!N14=1000,1000,"") -> 1000
... A3176: =IF(بيانات!N3176=1000,بيانات!B3176,"") | B3176: =IF(بيانات!N3176=1000,بيانات!C3176,"") | C3176: =IF(بيانات!N3176=1000,1000,"")
A3178: 📊 الإجماليات
A3179: عدد المنخرطين المعنيين | C3179: =COUNTIF(بيانات!N3:N3176,1000)&" منخرط" -> 171 منخرط
A3180: 📈 ملخص إحصائي
A3181: عدد المشتركين برسوم 1300 دج | C3181: =COUNTIFS(بيانات!N3:N3176,1000,بيانات!L3:L3176,1300)&" منخرط" -> 100 منخرط
A3182: عدد المشتركين برسوم 1500 دج | C3182: =COUNTIFS(بيانات!N3:N3176,1000,بيانات!L3:L3176,1500)&" منخرط" -> 71 منخرط
A3183: إجمالي حقوق المركب المحصلة | C3183: =(COUNTIF(بيانات!N3:N3176,1000)*1000)&" دج" -> 171000 دج
A3184: إجمالي رسوم الاشتراك (لهؤلاء) | C3184: =SUMIF(بيانات!N3:N3176,1000,بيانات!L3:L3176)&" دج" -> 236500 دج
A3185: إجمالي المبالغ الكلية (لهؤلاء) | C3185: =SUMIF(بيانات!N3:N3176,1000,بيانات!O3:O3176)&" دج" -> 322000 دج
A3187: ✦ نادي RCS | سجل حقوق المركب | يتحدث تلقائياً مع ورقة البيانات ✦

Sheet قائمة_التأمين
A1: 🛡️ قائمة التأمين — نادي RCS | F1: 📊 ملخص التغطية التأمينية
A2: اللقب | B2: الاسم | C2: تاريخ الميلاد | D2: الحالة التأمينية | F2: إجمالي المنخرطين المسجلين | G2: =COUNTA(بيانات!B3:B3176) -> 199
A3: =IF(بيانات!B3<>"",بيانات!B3,"") -> بورقعة | B3: =IF(بيانات!B3<>"",بيانات!C3,"") -> محمد الأمين | C3: =IF(بيانات!B3<>"",بيانات!D3,"") -> 41766 | D3: مؤمن | F3: ✅ عدد المؤمنين | G3: =COUNTIF(D3:D3176,"مؤمن") -> 34
A4: =IF(بيانات!B4<>"",بيانات!B4,"") -> براهمي | B4: =IF(بيانات!B4<>"",بيانات!C4,"") -> ياسين صلاح الدين | C4: =IF(بيانات!B4<>"",بيانات!D4,"") -> 41925 | D4: مؤمن | F4: ⚠️ عدد غير المؤمنين | G4: =COUNTIF(D3:D3176,"غير مؤمن") -> 0
A5: =IF(بيانات!B5<>"",بيانات!B5,"") -> براهمي | B5: =IF(بيانات!B5<>"",بيانات!C5,"") -> فؤاد عبد القادر | C5: =IF(بيانات!B5<>"",بيانات!D5,"") -> 40915 | D5: مؤمن | F5: ❔ لم تُحدَّد حالتهم بعد | G5: =COUNTA(بيانات!B3:B3176)-COUNTIF(D3:D3176,"مؤمن")-COUNTIF(D3:D3176,"غير مؤمن") -> 165
A6: =IF(بيانات!B6<>"",بيانات!B6,"") -> يحياوي | B6: =IF(بيانات!B6<>"",بيانات!C6,"") -> عز الدين عبد القادر | C6: =IF(بيانات!B6<>"",بيانات!D6,"") -> 42864 | D6: مؤمن
A7: =IF(بيانات!B7<>"",بيانات!B7,"") -> غزالي | B7: =IF(بيانات!B7<>"",بيانات!C7,"") -> ياسر | C7: =IF(بيانات!B7<>"",بيانات!D7,"") -> 42727 | D7: مؤمن
A8: =IF(بيانات!B8<>"",بيانات!B8,"") -> غزالي | B8: =IF(بيانات!B8<>"",بيانات!C8,"") -> آية | C8: =IF(بيانات!B8<>"",بيانات!D8,"") -> 43275 | D8: مؤمن
A9: =IF(بيانات!B9<>"",بيانات!B9,"") -> علو | B9: =IF(بيانات!B9<>"",بيانات!C9,"") -> عبد الإله | C9: =IF(بيانات!B9<>"",بيانات!D9,"") -> 41323 | D9: مؤمن
A10: =IF(بيانات!B10<>"",بيانات!B10,"") -> علو | B10: =IF(بيانات!B10<>"",بيانات!C10,"") -> صهيب | C10: =IF(بيانات!B10<>"",بيانات!D10,"") -> 43273 | D10: مؤمن
A11: =IF(بيانات!B11<>"",بيانات!B11,"") -> علام | B11: =IF(بيانات!B11<>"",بيانات!C11,"") -> محمد | C11: =IF(بيانات!B11<>"",بيانات!D11,"") -> 42326 | D11: مؤمن
A12: =IF(بيانات!B12<>"",بيانات!B12,"") -> علو | B12: =IF(بيانات!B12<>"",بيانات!C12,"") -> ادم ضياء الدين | C12: =IF(بيانات!B12<>"",بيانات!D12,"") -> 41123 | D12: مؤمن
A13: =IF(بيانات!B13<>"",بيانات!B13,"") -> بغاديد | B13: =IF(بيانات!B13<>"",بيانات!C13,"") -> احمد عماد الدين | C13: =IF(بيانات!B13<>"",بيانات!D13,"") -> 41578 | D13: مؤمن
A14: =IF(بيانات!B14<>"",بيانات!B14,"") -> هواري | B14: =IF(بيانات!B14<>"",بيانات!C14,"") -> عماد ايمن | C14: =IF(بيانات!B14<>"",بيانات!D14,"") -> 42242 | D14: مؤمن
A15: =IF(بيانات!B15<>"",بيانات!B15,"") -> بن | B15: =IF(بيانات!B15<>"",بيانات!C15,"") -> حشيليف رنيم سجود | C15: =IF(بيانات!B15<>"",بيانات!D15,"") -> 44220 | D15: مؤمن
A16: =IF(بيانات!B16<>"",بيانات!B16,"") -> قدو شريف | B16: =IF(بيانات!B16<>"",بيانات!C16,"") -> صفاء سلسبيل | C16: =IF(بيانات!B16<>"",بيانات!D16,"") -> 43285 | D16: مؤمن
A17: =IF(بيانات!B17<>"",بيانات!B17,"") -> قدو شريف | B17: =IF(بيانات!B17<>"",بيانات!C17,"") -> ثراء كوثر | C17: =IF(بيانات!B17<>"",بيانات!D17,"") -> 42925 | D17: مؤمن
... A36: =IF(بيانات!B36<>"",بيانات!B36,"") -> جرفي | B36: =IF(بيانات!B36<>"",بيانات!C36,"") -> حسين | C36: =IF(بيانات!B36<>"",بيانات!D36,"") -> 38830 | D36: مؤمن
A37: =IF(بيانات!B37<>"",بيانات!B37,"") -> راي | B37: =IF(بيانات!B37<>"",بيانات!C37,"") -> أحمد الجيلالي | C37: =IF(بيانات!B37<>"",بيانات!D37,"") -> 33975
A38: =IF(بيانات!B38<>"",بيانات!B38,"") -> فلاح | B38: =IF(بيانات!B38<>"",بيانات!C38,"") -> عبد الكريم | C38: =IF(بيانات!B38<>"",بيانات!D38,"") -> 27915
A39: =IF(بيانات!B39<>"",بيانات!B39,"") -> كروم | B39: =IF(بيانات!B39<>"",بيانات!C39,"") -> عمر الفاروق | C39: =IF(بيانات!B39<>"",بيانات!D39,"") -> 40822
A40: =IF(بيانات!B40<>"",بيانات!B40,"") -> قاسمي | B40: =IF(بيانات!B40<>"",بيانات!C40,"") -> صهيب | C40: =IF(بيانات!B40<>"",بيانات!D40,"") -> 43725
A41: =IF(بيانات!B41<>"",بيانات!B41,"") -> ولد | B41: =IF(بيانات!B41<>"",بيانات!C41,"") -> قادة يونس | C41: =IF(بيانات!B41<>"",بيانات!D41,"") -> 36975
A42: =IF(بيانات!B42<>"",بيانات!B42,"") -> بلخضر | B42: =IF(بيانات!B42<>"",بيانات!C42,"") -> عبد الوهاب | C42: =IF(بيانات!B42<>"",بيانات!D42,"") -> 40406
A43: =IF(بيانات!B43<>"",بيانات!B43,"") -> يزيد | B43: =IF(بيانات!B43<>"",بيانات!C43,"") -> اميرة ملاك | C43: =IF(بيانات!B43<>"",بيانات!D43,"") -> 41836
A44: =IF(بيانات!B44<>"",بيانات!B44,"") -> بومدين | B44: =IF(بيانات!B44<>"",بيانات!C44,"") -> اسلام مختار | C44: =IF(بيانات!B44<>"",بيانات!D44,"") -> 41795
A45: =IF(بيانات!B45<>"",بيانات!B45,"") -> بن | B45: =IF(بيانات!B45<>"",بيانات!C45,"") -> يمينة محمد عبد المجيد | C45: =IF(بيانات!B45<>"",بيانات!D45,"") -> 40866
A46: =IF(بيانات!B46<>"",بيانات!B46,"") -> عبدلي | B46: =IF(بيانات!B46<>"",بيانات!C46,"") -> خلود | C46: =IF(بيانات!B46<>"",بيانات!D46,"") -> 41196
A47: =IF(بيانات!B47<>"",بيانات!B47,"") -> بومدين | B47: =IF(بيانات!B47<>"",بيانات!C47,"") -> لجين رؤيا | C47: =IF(بيانات!B47<>"",بيانات!D47,"") -> 42709
A48: =IF(بيانات!B48<>"",بيانات!B48,"") -> كراش | B48: =IF(بيانات!B48<>"",بيانات!C48,"") -> محمد | C48: =IF(بيانات!B48<>"",بيانات!D48,"") -> 40199
... A3176: =IF(بيانات!B3176<>"",بيانات!B3176,"") | B3176: =IF(بيانات!B3176<>"",بيانات!C3176,"") | C3176: =IF(بيانات!B3176<>"",بيانات!D3176,"")

Sheet لوحة_التحكم
A1: 📊 لوحة التحكم — إحصائيات الاشتراكات — نادي RCS
B3: 💰 الإحصائيات المالية | E3: 👥 إحصائيات المنخرطين | H3: 📋 فئات الاشتراك | K3: 🔄 حالة التجديد
B4: إجمالي رسوم الاشتراك | C4: =SUMIFS(بيانات!L3:L4922,بيانات!K3:K4922,"<>لم يدفع",بيانات!B3:B4922,"<>") -> 240700 | E4: إجمالي المنخرطين | F4: =COUNTA(بيانات!B3:B4922) -> 199 | H4: اشتراك عادي (/) | I4: =COUNTIF(بيانات!H3:H4922,"/") -> 178 | K4: ✅ سارية | L4: =COUNTIF(بيانات!P3:P4922,"*ساري*") -> 183
B5: إجمالي مصاريف التأمين | C5: =SUMIFS(بيانات!M3:M4922,بيانات!K3:K4922,"<>لم يدفع",بيانات!B3:B4922,"<>") -> 91500 | E5: ✅ مدفوع | F5: =COUNTIF(بيانات!K3:K4922,"مدفوع") -> 191 | H5: OPOW | I5: =COUNTIF(بيانات!H3:H4922,"OPOW") -> 0 | K5: ⚠️ قريبة الانتهاء | L5: =COUNTIF(بيانات!P3:P4922,"*قريب*") -> 8
B6: حقوق المركب (مستثناة) | C6: =SUMIFS(بيانات!N3:N4922,بيانات!K3:K4922,"<>لم يدفع",بيانات!B3:B4922,"<>") -> 171000 | E6: ❌ لم يدفع | F6: =COUNTIF(بيانات!K3:K4922,"لم يدفع") -> 8 | H6: DJS | I6: =COUNTIF(بيانات!H3:H4922,"DJS") -> 13 | K6: ⛔ منتهية | L6: =COUNTIF(بيانات!P3:P4922,"*منتهي*") -> 0
B7: الإيرادات (رسوم + تأمين) | C7: =C4+C5 -> 332200 | E7: 🔵 تأمين فقط | F7: =COUNTIF(بيانات!K3:K4922,"تأمين فقط") -> 0 | H7: FCS | I7: =COUNTIF(بيانات!H3:H4922,"FCS") -> 0 | K7: 🔒 مجمدة | L7: =COUNTIF(بيانات!P3:P4922,"*مجمدة*") -> 8
B8: اشتراكات عادية (1300) | C8: =SUMIFS(بيانات!O3:O4922,بيانات!L3:L4922,1300,بيانات!K3:K4922,"<>لم يدفع") -> 180000 | E8: 🟠 اشتراك 300 | F8: =COUNTIF(بيانات!K3:K4922,"اشتراك 300") -> 0 | H8: RCS | I8: =COUNTIF(بيانات!H3:H4922,"RCS") -> 0
B9: اشتراكات عادية (1500) | C9: =SUMIFS(بيانات!O3:O4922,بيانات!L3:L4922,1500,بيانات!K3:K4922,"<>لم يدفع") -> 142000 | E9: كبار (14+) | F9: =COUNTIFS(بيانات!F3:F4922,">=14",بيانات!B3:B4922,"<>") -> 80 | H9: POLICE | I9: =COUNTIF(بيانات!H3:H4922,"POLICE") -> 0
B10: إيرادات OPOW/DJS | C10: =SUMIFS(بيانات!O3:O4922,بيانات!H3:H4922,"OPOW",بيانات!K3:K4922,"<>لم يدفع")+SUMIFS(بيانات!O3:O4922,بيانات!H3:H4922,"DJS",بيانات!K3:K4922,"<>لم يدفع") -> 10200 | E10: صغار (أقل من 14) | F10: =COUNTIFS(بيانات!F3:F4922,"<14",بيانات!F3:F4922,"<>",بيانات!B3:B4922,"<>") -> 119 | H10: MJ (معفى استثنائيًا) | I10: =COUNTIF(بيانات!H3:H3176,"MJ") -> 0
B11: متوسط الدفعة | C11: =IFERROR(AVERAGEIFS(بيانات!O3:O4922,بيانات!K3:K4922,"<>لم يدفع",بيانات!B3:B4922,"<>"),0) -> 1739.267 | E11: ذكور | F11: =COUNTIF(بيانات!E3:E4922,"ذكر") -> 163 | H11: ** (معفى من كل الرسوم) | I11: =COUNTIF(بيانات!H3:H3176,"~*~*") -> 8
E12: إناث | F12: =COUNTIF(بيانات!E3:E4922,"أنثى") -> 36
B15: 🕐 أفواج التوقيت | E15: 🏊 أيام السباحة | H15: 🩸 فصائل الدم | K15: 💳 ملخص مالي تفصيلي
B16: 09:00-10:00 | C16: =COUNTIF(بيانات!R:R,"09:00-10:00") -> 21 | E16: الأحد والأربعاء | F16: =COUNTIF(بيانات!Q:Q,"الأحد والأربعاء") -> 197 | H16: A+ | I16: =COUNTIF(بيانات!G:G,"A+") -> 30 | K16: رسوم 300 دج × عدد | L16: =COUNTIF(بيانات!L3:L200,300)&" منخرط" -> 9 منخرط
B17: 10:00-11:00 | C17: =COUNTIF(بيانات!R:R,"10:00-11:00") -> 98 | E17: الاثنين والخميس | F17: =COUNTIF(بيانات!Q:Q,"الاثنين والخميس") -> 0 | H17: A- | I17: =COUNTIF(بيانات!G:G,"A-") -> 4 | K17: مجموع رسوم 300 | L17: =SUMIF(بيانات!L3:L200,300,بيانات!L3:L200) -> 2700
B18: 19:00-20:00 | C18: =COUNTIF(بيانات!R:R,"19:00-20:00") -> 55 | E18: الثلاثاء والسبت | F18: =COUNTIF(بيانات!Q:Q,"الثلاثاء والسبت") -> 2 | H18: B+ | I18: =COUNTIF(بيانات!G:G,"B+") -> 10 | K18: رسوم 1300 دج × عدد | L18: =COUNTIF(بيانات!L3:L200,1300)&" منخرط" -> 100 منخرط
B19: 20:00-21:00 | C19: =COUNTIF(بيانات!R:R,"20:00-21:00") -> 9 | E19: كل الأيام | F19: =COUNTIF(بيانات!Q:Q,"كل الأيام") -> 0 | H19: B- | I19: =COUNTIF(بيانات!G:G,"B-") -> 0 | K19: مجموع رسوم 1300 | L19: =SUMIF(بيانات!L3:L200,1300,بيانات!L3:L200) -> 130000
H20: O+ | I20: =COUNTIF(بيانات!G:G,"O+") -> 38 | K20: رسوم 1500 دج × عدد | L20: =COUNTIF(بيانات!L3:L200,1500)&" منخرط" -> 71 منخرط
H21: O- | I21: =COUNTIF(بيانات!G:G,"O-") -> 3 | K21: مجموع رسوم 1500 | L21: =SUMIF(بيانات!L3:L200,1500,بيانات!L3:L200) -> 106500
H22: AB+ | I22: =COUNTIF(بيانات!G:G,"AB+") -> 3 | K22: تأمين مُحصَّل | L22: =SUMIF(بيانات!K3:K200,"<>لم يدفع",بيانات!M3:M200) -> 91500
H23: AB- | I23: =COUNTIF(بيانات!G:G,"AB-") -> 0 | K23: حقوق مركب مُحصَّلة | L23: =SUMIFS(بيانات!N3:N200,بيانات!K3:K200,"<>لم يدفع",بيانات!B3:B200,"<>") -> 171000
A35: ✦ نادي RCS | منظومة إدارة الاشتراكات | جميع الحقوق محفوظة ✦

Sheet التجديد
A1: 🔄 سجل تجديد الاشتراكات — نادي RCS
A2: رقم الملف | B2: اللقب | C2: الاسم | D2: نهاية الاشتراك السابق | E2: تاريخ التجديد | F2: نهاية الشهر الجديد | G2: مبلغ التجديد | H2: حالة الدفع | I2: حالة التجديد
A3: =IF(بيانات!B3<>"",بيانات!A3,"") -> RCS001 | B3: =IF(بيانات!B3<>"",بيانات!B3,"") -> بورقعة | C3: =IF(بيانات!B3<>"",بيانات!C3,"") -> محمد الأمين | D3: =IF(بيانات!B3<>"",بيانات!J3,"") -> 46220 | F3: =IF(E3="","",E3+30) | H3: =IF(بيانات!B3<>"",بيانات!K3,"") -> مدفوع | I3: =IF(بيانات!B3<>"",بيانات!P3,"") -> ⚠️ قريب الانتهاء
A4: =IF(بيانات!B4<>"",بيانات!A4,"") -> RCS002 | B4: =IF(بيانات!B4<>"",بيانات!B4,"") -> براهمي | C4: =IF(بيانات!B4<>"",بيانات!C4,"") -> ياسين صلاح الدين | D4: =IF(بيانات!B4<>"",بيانات!J4,"") -> 46220 | F4: =IF(E4="","",E4+30) | H4: =IF(بيانات!B4<>"",بيانات!K4,"") -> مدفوع | I4: =IF(بيانات!B4<>"",بيانات!P4,"") -> ⚠️ قريب الانتهاء
A5: =IF(بيانات!B5<>"",بيانات!A5,"") -> RCS003 | B5: =IF(بيانات!B5<>"",بيانات!B5,"") -> براهمي | C5: =IF(بيانات!B5<>"",بيانات!C5,"") -> فؤاد عبد القادر | D5: =IF(بيانات!B5<>"",بيانات!J5,"") -> 46220 | F5: =IF(E5="","",E5+30) | H5: =IF(بيانات!B5<>"",بيانات!K5,"") -> مدفوع | I5: =IF(بيانات!B5<>"",بيانات!P5,"") -> ⚠️ قريب الانتهاء
A6: =IF(بيانات!B6<>"",بيانات!A6,"") -> RCS004 | B6: =IF(بيانات!B6<>"",بيانات!B6,"") -> يحياوي | C6: =IF(بيانات!B6<>"",بيانات!C6,"") -> عز الدين عبد القادر | D6: =IF(بيانات!B6<>"",بيانات!J6,"") -> 46220 | F6: =IF(E6="","",E6+30) | H6: =IF(بيانات!B6<>"",بيانات!K6,"") -> مدفوع | I6: =IF(بيانات!B6<>"",بيانات!P6,"") -> ⚠️ قريب الانتهاء
A7: =IF(بيانات!B7<>"",بيانات!A7,"") -> RCS005 | B7: =IF(بيانات!B7<>"",بيانات!B7,"") -> غزالي | C7: =IF(بيانات!B7<>"",بيانات!C7,"") -> ياسر | D7: =IF(بيانات!B7<>"",بيانات!J7,"") -> 46220 | F7: =IF(E7="","",E7+30) | H7: =IF(بيانات!B7<>"",بيانات!K7,"") -> مدفوع | I7: =IF(بيانات!B7<>"",بيانات!P7,"") -> ⚠️ قريب الانتهاء
A8: =IF(بيانات!B8<>"",بيانات!A8,"") -> RCS006 | B8: =IF(بيانات!B8<>"",بيانات!B8,"") -> غزالي | C8: =IF(بيانات!B8<>"",بيانات!C8,"") -> آية | D8: =IF(بيانات!B8<>"",بيانات!J8,"") -> 46220 | F8: =IF(E8="","",E8+30) | H8: =IF(بيانات!B8<>"",بيانات!K8,"") -> مدفوع | I8: =IF(بيانات!B8<>"",بيانات!P8,"") -> ⚠️ قريب الانتهاء
A9: =IF(بيانات!B9<>"",بيانات!A9,"") -> RCS007 | B9: =IF(بيانات!B9<>"",بيانات!B9,"") -> علو | C9: =IF(بيانات!B9<>"",بيانات!C9,"") -> عبد الإله | D9: =IF(بيانات!B9<>"",بيانات!J9,"") -> 46220 | F9: =IF(E9="","",E9+30) | H9: =IF(بيانات!B9<>"",بيانات!K9,"") -> لم يدفع | I9: =IF(بيانات!B9<>"",بيانات!P9,"") -> 🔒 مجمدة
A10: =IF(بيانات!B10<>"",بيانات!A10,"") -> RCS008 | B10: =IF(بيانات!B10<>"",بيانات!B10,"") -> علو | C10: =IF(بيانات!B10<>"",بيانات!C10,"") -> صهيب | D10: =IF(بيانات!B10<>"",بيانات!J10,"") -> 46220 | F10: =IF(E10="","",E10+30) | H10: =IF(بيانات!B10<>"",بيانات!K10,"") -> لم يدفع | I10: =IF(بيانات!B10<>"",بيانات!P10,"") -> 🔒 مجمدة
A11: =IF(بيانات!B11<>"",بيانات!A11,"") -> RCS009 | B11: =IF(بيانات!B11<>"",بيانات!B11,"") -> علام | C11: =IF(بيانات!B11<>"",بيانات!C11,"") -> محمد | D11: =IF(بيانات!B11<>"",بيانات!J11,"") -> 46220 | F11: =IF(E11="","",E11+30) | H11: =IF(بيانات!B11<>"",بيانات!K11,"") -> مدفوع | I11: =IF(بيانات!B11<>"",بيانات!P11,"") -> ⚠️ قريب الانتهاء
A12: =IF(بيانات!B12<>"",بيانات!A12,"") -> RCS010 | B12: =IF(بيانات!B12<>"",بيانات!B12,"") -> علو | C12: =IF(بيانات!B12<>"",بيانات!C12,"") -> ادم ضياء الدين | D12: =IF(بيانات!B12<>"",بيانات!J12,"") -> 46220 | F12: =IF(E12="","",E12+30) | H12: =IF(بيانات!B12<>"",بيانات!K12,"") -> مدفوع | I12: =IF(بيانات!B12<>"",بيانات!P12,"") -> ⚠️ قريب الانتهاء
A13: =IF(بيانات!B13<>"",بيانات!A13,"") -> RCS011 | B13: =IF(بيانات!B13<>"",بيانات!B13,"") -> بغاديد | C13: =IF(بيانات!B13<>"",بيانات!C13,"") -> احمد عماد الدين | D13: =IF(بيانات!B13<>"",بيانات!J13,"") -> 46224 | F13: =IF(E13="","",E13+30) | H13: =IF(بيانات!B13<>"",بيانات!K13,"") -> مدفوع | I13: =IF(بيانات!B13<>"",بيانات!P13,"") -> ✅ ساري
A14: =IF(بيانات!B14<>"",بيانات!A14,"") -> RCS012 | B14: =IF(بيانات!B14<>"",بيانات!B14,"") -> هواري | C14: =IF(بيانات!B14<>"",بيانات!C14,"") -> عماد ايمن | D14: =IF(بيانات!B14<>"",بيانات!J14,"") -> 46224 | F14: =IF(E14="","",E14+30) | H14: =IF(بيانات!B14<>"",بيانات!K14,"") -> مدفوع | I14: =IF(بيانات!B14<>"",بيانات!P14,"") -> ✅ ساري
... A124: =IF(بيانات!B124<>"",بيانات!A124,"") -> RCS122 | B124: =IF(بيانات!B124<>"",بيانات!B124,"") -> حميدي | C124: =IF(بيانات!B124<>"",بيانات!C124,"") -> محمد الامين | D124: =IF(بيانات!B124<>"",بيانات!J124,"") -> 46238 | F124: =IF(E124="","",E124+30) | H124: =IF(بيانات!B124<>"",بيانات!K124,"") -> مدفوع | I124: =IF(بيانات!B124<>"",بيانات!P124,"") -> ✅ ساري
A125: =IF(بيانات!B125<>"",بيانات!A125,"") -> RCS123 | B125: =IF(بيانات!B125<>"",بيانات!B125,"") -> فاتح | C125: =IF(بيانات!B125<>"",بيانات!C125,"") -> اياد اشرف | D125: =IF(بيانات!B125<>"",بيانات!J125,"") -> 46241 | F125: =IF(E125="","",E125+30) | H125: =IF(بيانات!B125<>"",بيانات!K125,"") -> مدفوع | I125: =IF(بيانات!B125<>"",بيانات!#REF!,"") -> #REF!
A126: =IF(بيانات!B126<>"",بيانات!A126,"") -> RCS124 | B126: =IF(بيانات!B126<>"",بيانات!B126,"") -> عبد الحي | C126: =IF(بيانات!B126<>"",بيانات!C126,"") -> يوسف | D126: =IF(بيانات!B126<>"",بيانات!J126,"") -> 46241 | F126: =IF(E126="","",E126+30) | H126: =IF(بيانات!B126<>"",بيانات!K126,"") -> مدفوع | I126: =IF(بيانات!B126<>"",بيانات!P126,"") -> ✅ ساري
A127: =IF(بيانات!B127<>"",بيانات!A127,"") -> RCS125 | B127: =IF(بيانات!B127<>"",بيانات!B127,"") -> كدروسي | C127: =IF(بيانات!B127<>"",بيانات!C127,"") -> فاطيمة | D127: =IF(بيانات!B127<>"",بيانات!J127,"") -> 46241 | F127: =IF(E127="","",E127+30) | H127: =IF(بيانات!B127<>"",بيانات!K127,"") -> مدفوع | I127: =IF(بيانات!B127<>"",بيانات!P127,"") -> ✅ ساري
A128: =IF(بيانات!B128<>"",بيانات!A128,"") -> RCS126 | B128: =IF(بيانات!B128<>"",بيانات!B128,"") -> بوشنتوف | C128: =IF(بيانات!B128<>"",بيانات!C128,"") -> فادي | D128: =IF(بيانات!B128<>"",بيانات!J128,"") -> 46241 | F128: =IF(E128="","",E128+30) | H128: =IF(بيانات!B128<>"",بيانات!K128,"") -> مدفوع | I128: =IF(بيانات!B128<>"",بيانات!P128,"") -> ✅ ساري
A129: =IF(بيانات!B129<>"",بيانات!A129,"") -> RCS127 | B129: =IF(بيانات!B129<>"",بيانات!B129,"") -> طاقين | C129: =IF(بيانات!B129<>"",بيانات!C129,"") -> عبد الهادي | D129: =IF(بيانات!B129<>"",بيانات!J129,"") -> 46241 | F129: =IF(E129="","",E129+30) | H129: =IF(بيانات!B129<>"",بيانات!K129,"") -> مدفوع | I129: =IF(بيانات!B129<>"",بيانات!P129,"") -> ✅ ساري
A130: =IF(بيانات!B130<>"",بيانات!A130,"") -> RCS128 | B130: =IF(بيانات!B130<>"",بيانات!B130,"") -> جرفي | C130: =IF(بيانات!B130<>"",بيانات!C130,"") -> محمد أمين | D130: =IF(بيانات!B130<>"",بيانات!J130,"") -> 46241 | F130: =IF(E130="","",E130+30) | H130: =IF(بيانات!B130<>"",بيانات!K130,"") -> مدفوع | I130: =IF(بيانات!B130<>"",بيانات!P130,"") -> ✅ ساري
A131: =IF(بيانات!B131<>"",بيانات!A131,"") -> RCS129 | B131: =IF(بيانات!B131<>"",بيانات!B131,"") -> كدروسي | C131: =IF(بيانات!B131<>"",بيانات!C131,"") -> خيرة | D131: =IF(بيانات!B131<>"",بيانات!J131,"") -> 46241 | F131: =IF(E131="","",E131+30) | H131: =IF(بيانات!B131<>"",بيانات!K131,"") -> مدفوع | I131: =IF(بيانات!B131<>"",بيانات!P131,"") -> ✅ ساري
A132: =IF(بيانات!B132<>"",بيانات!A132,"") -> RCS130 | B132: =IF(بيانات!B132<>"",بيانات!B132,"") -> أنس | C132: =IF(بيانات!B132<>"",بيانات!C132,"") -> أنس | D132: =IF(بيانات!B132<>"",بيانات!J132,"") -> 46241 | F132: =IF(E132="","",E132+30) | H132: =IF(بيانات!B132<>"",بيانات!K132,"") -> مدفوع | I132: =IF(بيانات!B132<>"",بيانات!P132,"") -> ✅ ساري
A133: =IF(بيانات!#REF!<>"",بيانات!A133,"") -> #REF! | B133: =IF(بيانات!#REF!<>"",بيانات!#REF!,"") -> #REF! | C133: =IF(بيانات!#REF!<>"",بيانات!#REF!,"") -> #REF! | D133: =IF(بيانات!#REF!<>"",بيانات!#REF!,"") -> #REF! | F133: =IF(E133="","",E133+30) | H133: =IF(بيانات!#REF!<>"",بيانات!#REF!,"") -> #REF! | I133: =IF(بيانات!#REF!<>"",بيانات!#REF!,"") -> #REF!
A134: =IF(بيانات!B133<>"",بيانات!A134,"") -> RCS132 | B134: =IF(بيانات!B133<>"",بيانات!B133,"") -> مرجان | C134: =IF(بيانات!B133<>"",بيانات!C133,"") -> ريان سمش الدين | D134: =IF(بيانات!B133<>"",بيانات!J133,"") -> 46241 | F134: =IF(E134="","",E134+30) | H134: =IF(بيانات!B133<>"",بيانات!K133,"") -> مدفوع | I134: =IF(بيانات!B133<>"",بيانات!P133,"") -> ✅ ساري
A135: =IF(بيانات!B135<>"",بيانات!A135,"") -> RCS133 | B135: =IF(بيانات!B135<>"",بيانات!B135,"") -> رميل | C135: =IF(بيانات!B135<>"",بيانات!C135,"") -> عماد الدين | D135: =IF(بيانات!B135<>"",بيانات!J135,"") -> 46241 | F135: =IF(E135="","",E135+30) | H135: =IF(بيانات!B135<>"",بيانات!K135,"") -> مدفوع | I135: =IF(بيانات!B135<>"",بيانات!P135,"") -> ✅ ساري
A136: =IF(بيانات!B136<>"",بيانات!A136,"") -> RCS134 | B136: =IF(بيانات!B136<>"",بيانات!B136,"") -> رابح | C136: =IF(بيانات!B136<>"",بيانات!C136,"") -> طارق ندير | D136: =IF(بيانات!B136<>"",بيانات!J136,"") -> 46241 | F136: =IF(E136="","",E136+30) | H136: =IF(بيانات!B136<>"",بيانات!K136,"") -> مدفوع | I136: =IF(بيانات!B136<>"",بيانات!P136,"") -> ✅ ساري
A137: =IF(بيانات!B137<>"",بيانات!A137,"") -> RCS135 | B137: =IF(بيانات!B137<>"",بيانات!B137,"") -> رميل | C137: =IF(بيانات!B137<>"",بيانات!C137,"") -> بلال محمد | D137: =IF(بيانات!B137<>"",بيانات!J137,"") -> 46241 | F137: =IF(E137="","",E137+30) | H137: =IF(بيانات!B137<>"",بيانات!K137,"") -> مدفوع | I137: =IF(بيانات!B137<>"",بيانات!P137,"") -> ✅ ساري
A138: =IF(بيانات!B138<>"",بيانات!A138,"") -> RCS136 | B138: =IF(بيانات!B138<>"",بيانات!B138,"") -> مغربي | C138: =IF(بيانات!B138<>"",بيانات!C138,"") -> يونس | D138: =IF(بيانات!B138<>"",بيانات!J138,"") -> 46241 | F138: =IF(E138="","",E138+30) | H138: =IF(بيانات!B138<>"",بيانات!K138,"") -> مدفوع | I138: =IF(بيانات!B138<>"",بيانات!P138,"") -> ✅ ساري
A139: =IF(بيانات!B139<>"",بيانات!A139,"") -> RCS137 | B139: =IF(بيانات!B139<>"",بيانات!B139,"") -> بن عمار | C139: =IF(بيانات!B139<>"",بيانات!C139,"") -> محمد لقمان | D139: =IF(بيانات!B139<>"",بيانات!J139,"") -> 46241 | F139: =IF(E139="","",E139+30) | H139: =IF(بيانات!B139<>"",بيانات!K139,"") -> مدفوع | I139: =IF(بيانات!B139<>"",بيانات!P139,"") -> ✅ ساري
A140: =IF(بيانات!B140<>"",بيانات!A140,"") -> RCS138 | B140: =IF(بيانات!B140<>"",بيانات!B140,"") -> بن عمار | C140: =IF(بيانات!B140<>"",بيانات!C140,"") -> حنين كريمة | D140: =IF(بيانات!B140<>"",بيانات!J140,"") -> 46241 | F140: =IF(E140="","",E140+30) | H140: =IF(بيانات!B140<>"",بيانات!K140,"") -> مدفوع | I140: =IF(بيانات!B140<>"",بيانات!P140,"") -> ✅ ساري
A141: =IF(بيانات!B141<>"",بيانات!A141,"") -> RCS139 | B141: =IF(بيانات!B141<>"",بيانات!B141,"") -> بن علي خروبي | C141: =IF(بيانات!B141<>"",بيانات!C141,"") -> مهدي أيوب | D141: =IF(بيانات!B141<>"",بيانات!J141,"") -> 46241 | F141: =IF(E141="","",E141+30) | H141: =IF(بيانات!B141<>"",بيانات!K141,"") -> مدفوع | I141: =IF(بيانات!B141<>"",بيانات!P141,"") -> ✅ ساري
A142: =IF(بيانات!B142<>"",بيانات!A142,"") -> RCS140 | B142: =IF(بيانات!B142<>"",بيانات!B142,"") -> فراجي | C142: =IF(بيانات!B142<>"",بيانات!C142,"") -> جاد عبد الإله | D142: =IF(بيانات!B142<>"",بيانات!J142,"") -> 46241 | F142: =IF(E142="","",E142+30) | H142: =IF(بيانات!B142<>"",بيانات!K142,"") -> مدفوع | I142: =IF(بيانات!B142<>"",بيانات!P142,"") -> ✅ ساري
A143: =IF(بيانات!B143<>"",بيانات!A143,"") -> RCS141 | B143: =IF(بيانات!B143<>"",بيانات!B143,"") -> جرفي | C143: =IF(بيانات!B143<>"",بيانات!C143,"") -> ياسين | D143: =IF(بيانات!B143<>"",بيانات!J143,"") -> 46241 | F143: =IF(E143="","",E143+30) | H143: =IF(بيانات!B143<>"",بيانات!K143,"") -> مدفوع | I143: =IF(بيانات!B143<>"",بيانات!P143,"") -> ✅ ساري
A144: =IF(بيانات!B144<>"",بيانات!A144,"") -> RCS142 | B144: =IF(بيانات!B144<>"",بيانات!B144,"") -> سرباح | C144: =IF(بيانات!B144<>"",بيانات!C144,"") -> شيماء | D144: =IF(بيانات!B144<>"",بيانات!J144,"") -> 46241 | F144: =IF(E144="","",E144+30) | H144: =IF(بيانات!B144<>"",بيانات!K144,"") -> مدفوع | I144: =IF(بيانات!B144<>"",بيانات!P144,"") -> ✅ ساري
A145: =IF(بيانات!B145<>"",بيانات!A145,"") -> RCS143 | B145: =IF(بيانات!B145<>"",بيانات!B145,"") -> بودربالة | C145: =IF(بيانات!B145<>"",بيانات!C145,"") -> عبد القادر | D145: =IF(بيانات!B145<>"",بيانات!J145,"") -> 46241 | F145: =IF(E145="","",E145+30) | H145: =IF(بيانات!B145<>"",بيانات!K145,"") -> مدفوع | I145: =IF(بيانات!B145<>"",بيانات!P145,"") -> ✅ ساري
A146: =IF(بيانات!B146<>"",بيانات!A146,"") -> RCS144 | B146: =IF(بيانات!B146<>"",بيانات!B146,"") -> عثماني | C146: =IF(بيانات!B146<>"",بيانات!C146,"") -> ياسين | D146: =IF(بيانات!B146<>"",بيانات!J146,"") -> 46241 | F146: =IF(E146="","",E146+30) | H146: =IF(بيانات!B146<>"",بيانات!K146,"") -> مدفوع | I146: =IF(بيانات!B146<>"",بيانات!P146,"") -> ✅ ساري
... A4922: =IF(بيانات!B4922<>"",بيانات!A4922,"") | B4922: =IF(بيانات!B4922<>"",بيانات!B4922,"") | C4922: =IF(بيانات!B4922<>"",بيانات!C4922,"") | D4922: =IF(بيانات!B4922<>"",بيانات!J4922,"") | F4922: =IF(E4922="","",E4922+30) | H4922: =IF(بيانات!B4922<>"",بيانات!K4922,"") | I4922: =IF(بيانات!B4922<>"",بيانات!P4922,"")
A4924: ✦ نادي RCS | سجل التجديد | يتزامن تلقائياً مع ورقة البيانات ✦

Sheet فئات_الأعمار
A1: 🏷️ تصنيف المنخرطين حسب الفئة العمرية والجنس — نادي RCS
A3: فئة الذكور أقل من 13 سنة | E3: فئة الإناث أقل من 13 سنة | I3: فئة الذكور 13 سنة فما فوق | M3: فئة الإناث 13 سنة فما فوق | S3: =IF(AND(بيانات!$B3<>"",بيانات!$E3="ذكر",بيانات!$F3<13),COUNTIFS(بيانات!$E$3:$E3,"ذكر",بيانات!$F$3:$F3,"<13",بيانات!$B$3:$B3,"<>"),"") -> 1 | T3: =IF(AND(بيانات!$B3<>"",بيانات!$E3="أنثى",بيانات!$F3<13),COUNTIFS(بيانات!$E$3:$E3,"أنثى",بيانات!$F$3:$F3,"<13",بيانات!$B$3:$B3,"<>"),"") | U3: =IF(AND(بيانات!$B3<>"",بيانات!$E3="ذكر",بيانات!$F3>=13),COUNTIFS(بيانات!$E$3:$E3,"ذكر",بيانات!$F$3:$F3,">=13",بيانات!$B$3:$B3,"<>"),"") | V3: =IF(AND(بيانات!$B3<>"",بيانات!$E3="أنثى",بيانات!$F3>=13),COUNTIFS(بيانات!$E$3:$E3,"أنثى",بيانات!$F$3:$F3,">=13",بيانات!$B$3:$B3,"<>"),"")
A4: ="العدد: " & COUNTIFS(بيانات!$E$3:$E$4922,"ذكر",بيانات!$F$3:$F$4922,"<13",بيانات!$B$3:$B$4922,"<>") -> العدد: 71 | E4: ="العدد: " & COUNTIFS(بيانات!$E$3:$E$4922,"أنثى",بيانات!$F$3:$F$4922,"<13",بيانات!$B$3:$B$4922,"<>") -> العدد: 28 | I4: ="العدد: " & COUNTIFS(بيانات!$E$3:$E$4922,"ذكر",بيانات!$F$3:$F$4922,">=13",بيانات!$B$3:$B$4922,"<>") -> العدد: 92 | M4: ="العدد: " & COUNTIFS(بيانات!$E$3:$E$4922,"أنثى",بيانات!$F$3:$F$4922,">=13",بيانات!$B$3:$B$4922,"<>") -> العدد: 8 | S4: =IF(AND(بيانات!$B4<>"",بيانات!$E4="ذكر",بيانات!$F4<13),COUNTIFS(بيانات!$E$3:$E4,"ذكر",بيانات!$F$3:$F4,"<13",بيانات!$B$3:$B4,"<>"),"") -> 2 | T4: =IF(AND(بيانات!$B4<>"",بيانات!$E4="أنثى",بيانات!$F4<13),COUNTIFS(بيانات!$E$3:$E4,"أنثى",بيانات!$F$3:$F4,"<13",بيانات!$B$3:$B4,"<>"),"") | U4: =IF(AND(بيانات!$B4<>"",بيانات!$E4="ذكر",بيانات!$F4>=13),COUNTIFS(بيانات!$E$3:$E4,"ذكر",بيانات!$F$3:$F4,">=13",بيانات!$B$3:$B4,"<>"),"") | V4: =IF(AND(بيانات!$B4<>"",بيانات!$E4="أنثى",بيانات!$F4>=13),COUNTIFS(بيانات!$E$3:$E4,"أنثى",بيانات!$F$3:$F4,">=13",بيانات!$B$3:$B4,"<>"),"")
A5: رقم الملف | B5: اللقب والاسم | C5: العمر | E5: رقم الملف | F5: اللقب والاسم | G5: العمر | I5: رقم الملف | J5: اللقب والاسم | K5: العمر | M5: رقم الملف | N5: اللقب والاسم | O5: العمر | S5: =IF(AND(بيانات!$B5<>"",بيانات!$E5="ذكر",بيانات!$F5<13),COUNTIFS(بيانات!$E$3:$E5,"ذكر",بيانات!$F$3:$F5,"<13",بيانات!$B$3:$B5,"<>"),"") | T5: =IF(AND(بيانات!$B5<>"",بيانات!$E5="أنثى",بيانات!$F5<13),COUNTIFS(بيانات!$E$3:$E5,"أنثى",بيانات!$F$3:$F5,"<13",بيانات!$B$3:$B5,"<>"),"") | U5: =IF(AND(بيانات!$B5<>"",بيانات!$E5="ذكر",بيانات!$F5>=13),COUNTIFS(بيانات!$E$3:$E5,"ذكر",بيانات!$F$3:$F5,">=13",بيانات!$B$3:$B5,"<>"),"") -> 1 | V5: =IF(AND(بيانات!$B5<>"",بيانات!$E5="أنثى",بيانات!$F5>=13),COUNTIFS(بيانات!$E$3:$E5,"أنثى",بيانات!$F$3:$F5,">=13",بيانات!$B$3:$B5,"<>"),"")
A6: =IFERROR(INDEX(بيانات!$A$3:$A$4922,MATCH(1,$S$3:$S$4922,0)),"") -> RCS001 | B6: =IFERROR(INDEX(بيانات!$B$3:$B$4922,MATCH(1,$S$3:$S$4922,0))&" "&INDEX(بيانات!$C$3:$C$4922,MATCH(1,$S$3:$S$4922,0)),"") -> بورقعة محمد الأمين | C6: =IFERROR(INDEX(بيانات!$E$3:$F$4922,MATCH(1,$S$3:$S$4922,0)),"") | E6: =IFERROR(INDEX(بيانات!$A$3:$A$4922,MATCH(1,$T$3:$T$4922,0)),"") -> RCS006 | F6: =IFERROR(INDEX(بيانات!$B$3:$B$4922,MATCH(1,$T$3:$T$4922,0))&" "&INDEX(بيانات!$C$3:$C$4922,MATCH(1,$T$3:$T$4922,0)),"") -> غزالي آية | G6: =IFERROR(INDEX(بيانات!$E$3:$F$4922,MATCH(1,$T$3:$T$4922,0)),"") | I6: =IFERROR(INDEX(بيانات!$A$3:$A$4922,MATCH(1,$U$3:$U$4922,0)),"") -> RCS003 | J6: =IFERROR(INDEX(بيانات!$B$3:$B$4922,MATCH(1,$U$3:$U$4922,0))&" "&INDEX(بيانات!$C$3:$C$4922,MATCH(1,$U$3:$U$4922,0)),"") -> براهمي فؤاد عبد القادر | K6: =IFERROR(INDEX(بيانات!$E$3:$F$4922,MATCH(1,$U$3:$U$4922,0)),"") | M6: =IFERROR(INDEX(بيانات!$A$3:$A$4922,MATCH(1,$V$3:$V$4922,0)),"") -> RCS044 | N6: =IFERROR(INDEX(بيانات!$B$3:$B$4922,MATCH(1,$V$3:$V$4922,0))&" "&INDEX(بيانات!$C$3:$C$4922,MATCH(1,$V$3:$V$4922,0)),"") -> عبدلي خلود | O6: =IFERROR(INDEX(بيانات!$E$3:$F$4922,MATCH(1,$V$3:$V$4922,0)),"") | S6: =IF(AND(بيانات!$B6<>"",بيانات!$E6="ذكر",بيانات!$F6<13),COUNTIFS(بيانات!$E$3:$E6,"ذكر",بيانات!$F$3:$F6,"<13",بيانات!$B$3:$B6,"<>"),"") -> 3 | T6: =IF(AND(بيانات!$B6<>"",بيانات!$E6="أنثى",بيانات!$F6<13),COUNTIFS(بيانات!$E$3:$E6,"أنثى",بيانات!$F$3:$F6,"<13",بيانات!$B$3:$B6,"<>"),"") | U6: =IF(AND(بيانات!$B6<>"",بيانات!$E6="ذكر",بيانات!$F6>=13),COUNTIFS(بيانات!$E$3:$E6,"ذكر",بيانات!$F$3:$F6,">=13",بيانات!$B$3:$B6,"<>"),"") | V6: =IF(AND(بيانات!$B6<>"",بيانات!$E6="أنثى",بيانات!$F6>=13),COUNTIFS(بيانات!$E$3:$E6,"أنثى",بيانات!$F$3:$F6,">=13",بيانات!$B$3:$B6,"<>"),"")
A7: =IFERROR(INDEX(بيانات!$A$3:$A$4922,MATCH(2,$S$3:$S$4922,0)),"") -> RCS002 | B7: =IFERROR(INDEX(بيانات!$B$3:$B$4922,MATCH(2,$S$3:$S$4922,0))&" "&INDEX(بيانات!$C$3:$C$4922,MATCH(2,$S$3:$S$4922,0)),"") -> براهمي ياسين صلاح الدين | C7: =IFERROR(INDEX(بيانات!$E$3:$F$4922,MATCH(2,$S$3:$S$4922,0)),"") | E7: =IFERROR(INDEX(بيانات!$A$3:$A$4922,MATCH(2,$T$3:$T$4922,0)),"") -> RCS013 | F7: =IFERROR(INDEX(بيانات!$B$3:$B$4922,MATCH(2,$T$3:$T$4922,0))&" "&INDEX(بيانات!$C$3:$C$4922,MATCH(2,$T$3:$T$4922,0)),"") -> بن حشيليف رنيم سجود | G7: =IFERROR(INDEX(بيانات!$E$3:$F$4922,MATCH(2,$T$3:$T$4922,0)),"") | I7: =IFERROR(INDEX(بيانات!$A$3:$A$4922,MATCH(2,$U$3:$U$4922,0)),"") -> RCS007 | J7: =IFERROR(INDEX(بيانات!$B$3:$B$4922,MATCH(2,$U$3:$U$4922,0))&" "&INDEX(بيانات!$C$3:$C$4922,MATCH(2,$U$3:$U$4922,0)),"") -> علو عبد الإله | K7: =IFERROR(INDEX(بيانات!$E$3:$F$4922,MATCH(2,$U$3:$U$4922,0)),"") | M7: =IFERROR(INDEX(بيانات!$A$3:$A$4922,MATCH(2,$V$3:$V$4922,0)),"") -> RCS072 | N7: =IFERROR(INDEX(بيانات!$B$3:$B$4922,MATCH(2,$V$3:$V$4922,0))&" "&INDEX(بيانات!$C$3:$C$4922,MATCH(2,$V$3:$V$4922,0)),"") -> رابح عائشة | O7: =IFERROR(INDEX(بيانات!$E$3:$F$4922,MATCH(2,$V$3:$V$4922,0)),"") | S7: =IF(AND(بيانات!$B7<>"",بيانات!$E7="ذكر",بيانات!$F7<13),COUNTIFS(بيانات!$E$3:$E7,"ذكر",بيانات!$F$3:$F7,"<13",بيانات!$B$3:$B7,"<>"),"") -> 4 | T7: =IF(AND(بيانات!$B7<>"",بيانات!$E7="أنثى",بيانات!$F7<13),COUNTIFS(بيانات!$E$3:$E7,"أنثى",بيانات!$F$3:$F7,"<13",بيانات!$B$3:$B7,"<>"),"") | U7: =IF(AND(بيانات!$B7<>"",بيانات!$E7="ذكر",بيانات!$F7>=13),COUNTIFS(بيانات!$E$3:$E7,"ذكر",بيانات!$F$3:$F7,">=13",بيانات!$B$3:$B7,"<>"),"") | V7: =IF(AND(بيانات!$B7<>"",بيانات!$E7="أنثى",بيانات!$F7>=13),COUNTIFS(بيانات!$E$3:$E7,"أنثى",بيانات!$F$3:$F7,">=13",بيانات!$B$3:$B7,"<>"),"")
A8: =IFERROR(INDEX(بيانات!$A$3:$A$4922,MATCH(3,$S$3:$S$4922,0)),"") -> RCS004 | B8: =IFERROR(INDEX(بيانات!$B$3:$B$4922,MATCH(3,$S$3:$S$4922,0))&" "&INDEX(بيانات!$C$3:$C$4922,MATCH(3,$S$3:$S$4922,0)),"") -> يحياوي عز الدين عبد القادر | C8: =IFERROR(INDEX(بيانات!$E$3:$F$4922,MATCH(3,$S$3:$S$4922,0)),"") | E8: =IFERROR(INDEX(بيانات!$A$3:$A$4922,MATCH(3,$T$3:$T$4922,0)),"") -> RCS014 | F8: =IFERROR(INDEX(بيانات!$B$3:$B$4922,MATCH(3,$T$3:$T$4922,0))&" "&INDEX(بيانات!$C$3:$C$4922,MATCH(3,$T$3:$T$4922,0)),"") -> قدو شريف صفاء سلسبيل | G8: =IFERROR(INDEX(بيانات!$E$3:$F$4922,MATCH(3,$T$3:$T$4922,0)),"") | I8: =IFERROR(INDEX(بيانات!$A$3:$A$4922,MATCH(3,$U$3:$U$4922,0)),"") -> RCS010 | J8: =IFERROR(INDEX(بيانات!$B$3:$B$4922,MATCH(3,$U$3:$U$4922,0))&" "&INDEX(بيانات!$C$3:$C$4922,MATCH(3,$U$3:$U$4922,0)),"") -> علو ادم ضياء الدين | K8: =IFERROR(INDEX(بيانات!$E$3:$F$4922,MATCH(3,$U$3:$U$4922,0)),"") | M8: =IFERROR(INDEX(بيانات!$A$3:$A$4922,MATCH(3,$V$3:$V$4922,0)),"") -> RCS076 | N8: =IFERROR(INDEX(بيانات!$B$3:$B$4922,MATCH(3,$V$3:$V$4922,0))&" "&INDEX(بيانات!$C$3:$C$4922,MATCH(3,$V$3:$V$4922,0)),"") -> مغربي زهية حنان | O8: =IFERROR(INDEX(بيانات!$E$3:$F$4922,MATCH(3,$V$3:$V$4922,0)),"") | S8: =IF(AND(بيانات!$B8<>"",بيانات!$E8="ذكر",بيانات!$F8<13),COUNTIFS(بيانات!$E$3:$E8,"ذكر",بيانات!$F$3:$F8,"<13",بيانات!$B$3:$B8,"<>"),"") | T8: =IF(AND(بيانات!$B8<>"",بيانات!$E8="أنثى",بيانات!$F8<13),COUNTIFS(بيانات!$E$3:$E8,"أنثى",بيانات!$F$3:$F8,"<13",بيانات!$B$3:$B8,"<>"),"") -> 1 | U8: =IF(AND(بيانات!$B8<>"",بيانات!$E8="ذكر",بيانات!$F8>=13),COUNTIFS(بيانات!$E$3:$E8,"ذكر",بيانات!$F$3:$F8,">=13",بيانات!$B$3:$B8,"<>"),"") | V8: =IF(AND(بيانات!$B8<>"",بيانات!$E8="أنثى",بيانات!$F8>=13),COUNTIFS(بيانات!$E$3:$E8,"أنثى",بيانات!$F$3:$F8,">=13",بيانات!$B$3:$B8,"<>"),"")
A9: =IFERROR(INDEX(بيانات!$A$3:$A$4922,MATCH(4,$S$3:$S$4922,0)),"") -> RCS005 | B9: =IFERROR(INDEX(بيانات!$B$3:$B$4922,MATCH(4,$S$3:$S$4922,0))&" "&INDEX(بيانات!$C$3:$C$4922,MATCH(4,$S$3:$S$4922,0)),"") -> غزالي ياسر | C9: =IFERROR(INDEX(بيانات!$E$3:$F$4922,MATCH(4,$S$3:$S$4922,0)),"") | E9: =IFERROR(INDEX(بيانات!$A$3:$A$4922,MATCH(4,$T$3:$T$4922,0)),"") -> RCS015 | F9: =IFERROR(INDEX(بيانات!$B$3:$B$4922,MATCH(4,$T$3:$T$4922,0))&" "&INDEX(بيانات!$C$3:$C$4922,MATCH(4,$T$3:$T$4922,0)),"") -> قدو شريف ثراء كوثر | G9: =IFERROR(INDEX(بيانات!$E$3:$F$4922,MATCH(4,$T$3:$T$4922,0)),"") | I9: =IFERROR(INDEX(بيانات!$A$3:$A$4922,MATCH(4,$U$3:$U$4922,0)),"") -> RCS023 | J9: =IFERROR(INDEX(بيانات!$B$3:$B$4922,MATCH(4,$U$3:$U$4922,0))&" "&INDEX(بيانات!$C$3:$C$4922,MATCH(4,$U$3:$U$4922,0)),"") -> بوعناني فؤاد | K9: =IFERROR(INDEX(بيانات!$E$3:$F$4922,MATCH(4,$U$3:$U$4922,0)),"") | M9: =IFERROR(INDEX(بيانات!$A$3:$A$4922,MATCH(4,$V$3:$V$4922,0)),"") -> RCS120 | N9: =IFERROR(INDEX(بيانات!$B$3:$B$4922,MATCH(4,$V$3:$V$4922,0))&" "&INDEX(بيانات!$C$3:$C$4922,MATCH(4,$V$3:$V$4922,0)),"") -> حاكمي خيرة صفاء | O9: =IFERROR(INDEX(بيانات!$E$3:$F$4922,MATCH(4,$V$3:$V$4922,0)),"") | S9: =IF(AND(بيانات!$B9<>"",بيانات!$E9="ذكر",بيانات!$F9<13),COUNTIFS(بيانات!$E$3:$E9,"ذكر",بيانات!$F$3:$F9,"<13",بيانات!$B$3:$B9,"<>"),"") | T9: =IF(AND(بيانات!$B9<>"",بيانات!$E9="أنثى",بيانات!$F9<13),COUNTIFS(بيانات!$E$3:$E9,"أنثى",بيانات!$F$3:$F9,"<13",بيانات!$B$3:$B9,"<>"),"") | U9: =IF(AND(بيانات!$B9<>"",بيانات!$E9="ذكر",بيانات!$F9>=13),COUNTIFS(بيانات!$E$3:$E9,"ذكر",بيانات!$F$3:$F9,">=13",بيانات!$B$3:$B9,"<>"),"") -> 2 | V9: =IF(AND(بيانات!$B9<>"",بيانات!$E9="أنثى",بيانات!$F9>=13),COUNTIFS(بيانات!$E$3:$E9,"أنثى",بيانات!$F$3:$F9,">=13",بيانات!$B$3:$B9,"<>"),"")
A10: =IFERROR(INDEX(بيانات!$A$3:$A$4922,MATCH(5,$S$3:$S$4922,0)),"") -> RCS008 | B10: =IFERROR(INDEX(بيانات!$B$3:$B$4922,MATCH(5,$S$3:$S$4922,0))&" "&INDEX(بيانات!$C$3:$C$4922,MATCH(5,$S$3:$S$4922,0)),"") -> علو صهيب | C10: =IFERROR(INDEX(بيانات!$E$3:$F$4922,MATCH(5,$S$3:$S$4922,0)),"") | E10: =IFERROR(INDEX(بيانات!$A$3:$A$4922,MATCH(5,$T$3:$T$4922,0)),"") -> RCS016 | F10: =IFERROR(INDEX(بيانات!$B$3:$B$4922,MATCH(5,$T$3:$T$4922,0))&" "&INDEX(بيانات!$C$3:$C$4922,MATCH(5,$T$3:$T$4922,0)),"") -> يزيد هناء ياسمين | G10: =IFERROR(INDEX(بيانات!$E$3:$F$4922,MATCH(5,$T$3:$T$4922,0)),"") | I10: =IFERROR(INDEX(بيانات!$A$3:$A$4922,MATCH(5,$U$3:$U$4922,0)),"") -> RCS024 | J10: =IFERROR(INDEX(بيانات!$B$3:$B$4922,MATCH(5,$U$3:$U$4922,0))&" "&INDEX(بيانات!$C$3:$C$4922,MATCH(5,$U$3:$U$4922,0)),"") -> عليلي محسن عبد الإله | K10: =IFERROR(INDEX(بيانات!$E$3:$F$4922,MATCH(5,$U$3:$U$4922,0)),"") | M10: =IFERROR(INDEX(بيانات!$A$3:$A$4922,MATCH(5,$V$3:$V$4922,0)),"") -> RCS142 | N10: =IFERROR(INDEX(بيانات!$B$3:$B$4922,MATCH(5,$V$3:$V$4922,0))&" "&INDEX(بيانات!$C$3:$C$4922,MATCH(5,$V$3:$V$4922,0)),"") -> سرباح شيماء | O10: =IFERROR(INDEX(بيانات!$E$3:$F$4922,MATCH(5,$V$3:$V$4922,0)),"") | S10: =IF(AND(بيانات!$B10<>"",بيانات!$E10="ذكر",بيانات!$F10<13),COUNTIFS(بيانات!$E$3:$E10,"ذكر",بيانات!$F$3:$F10,"<13",بيانات!$B$3:$B10,"<>"),"") -> 5 | T10: =IF(AND(بيانات!$B10<>"",بيانات!$E10="أنثى",بيانات!$F10<13),COUNTIFS(بيانات!$E$3:$E10,"أنثى",بيانات!$F$3:$F10,"<13",بيانات!$B$3:$B10,"<>"),"") | U10: =IF(AND(بيانات!$B10<>"",بيانات!$E10="ذكر",بيانات!$F10>=13),COUNTIFS(بيانات!$E$3:$E10,"ذكر",بيانات!$F$3:$F10,">=13",بيانات!$B$3:$B10,"<>"),"") | V10: =IF(AND(بيانات!$B10<>"",بيانات!$E10="أنثى",بيانات!$F10>=13),COUNTIFS(بيانات!$E$3:$E10,"أنثى",بيانات!$F$3:$F10,">=13",بيانات!$B$3:$B10,"<>"),"")
A11: =IFERROR(INDEX(بيانات!$A$3:$A$4922,MATCH(6,$S$3:$S$4922,0)),"") -> RCS009 | B11: =IFERROR(INDEX(بيانات!$B$3:$B$4922,MATCH(6,$S$3:$S$4922,0))&" "&INDEX(بيانات!$C$3:$C$4922,MATCH(6,$S$3:$S$4922,0)),"") -> علام محمد | C11: =IFERROR(INDEX(بيانات!$E$3:$F$4922,MATCH(6,$S$3:$S$4922,0)),"") | E11: =IFERROR(INDEX(بيانات!$A$3:$A$4922,MATCH(6,$T$3:$T$4922,0)),"") -> RCS018 | F11: =IFERROR(INDEX(بيانات!$B$3:$B$4922,MATCH(6,$T$3:$T$4922,0))&" "&INDEX(بيانات!$C$3:$C$4922,MATCH(6,$T$3:$T$4922,0)),"") -> بوعناني وصال أنفال | G11: =IFERROR(INDEX(بيانات!$E$3:$F$4922,MATCH(6,$T$3:$T$4922,0)),"") | I11: =IFERROR(INDEX(بيانات!$A$3:$A$4922,MATCH(6,$U$3:$U$4922,0)),"") -> RCS025 | J11: =IFERROR(INDEX(بيانات!$B$3:$B$4922,MATCH(6,$U$3:$U$4922,0))&" "&INDEX(بيانات!$C$3:$C$4922,MATCH(6,$U$3:$U$4922,0)),"") -> صايم علي | K11: =IFERROR(INDEX(بيانات!$E$3:$F$4922,MATCH(6,$U$3:$U$4922,0)),"") | M11: =IFERROR(INDEX(بيانات!$A$3:$A$4922,MATCH(6,$V$3:$V$4922,0)),"") -> RCS168 | N11: =IFERROR(INDEX(بيانات!$B$3:$B$4922,MATCH(6,$V$3:$V$4922,0))&" "&INDEX(بيانات!$C$3:$C$4922,MATCH(6,$V$3:$V$4922,0)),"") -> محمدي نور الهدى | O11: =IFERROR(INDEX(بيانات!$E$3:$F$4922,MATCH(6,$V$3:$V$4922,0)),"") | S11: =IF(AND(بيانات!$B11<>"",بيانات!$E11="ذكر",بيانات!$F11<13),COUNTIFS(بيانات!$E$3:$E11,"ذكر",بيانات!$F$3:$F11,"<13",بيانات!$B$3:$B11,"<>"),"") -> 6 | T11: =IF(AND(بيانات!$B11<>"",بيانات!$E11="أنثى",بيانات!$F11<13),COUNTIFS(بيانات!$E$3:$E11,"أنثى",بيانات!$F$3:$F11,"<13",بيانات!$B$3:$B11,"<>"),"") | U11: =IF(AND(بيانات!$B11<>"",بيانات!$E11="ذكر",بيانات!$F11>=13),COUNTIFS(بيانات!$E$3:$E11,"ذكر",بيانات!$F$3:$F11,">=13",بيانات!$B$3:$B11,"<>"),"") | V11: =IF(AND(بيانات!$B11<>"",بيانات!$E11="أنثى",بيانات!$F11>=13),COUNTIFS(بيانات!$E$3:$E11,"أنثى",بيانات!$F$3:$F11,">=13",بيانات!$B$3:$B11,"<>"),"")
A12: =IFERROR(INDEX(بيانات!$A$3:$A$4922,MATCH(7,$S$3:$S$4922,0)),"") -> RCS011 | B12: =IFERROR(INDEX(بيانات!$B$3:$B$4922,MATCH(7,$S$3:$S$4922,0))&" "&INDEX(بيانات!$C$3:$C$4922,MATCH(7,$S$3:$S$4922,0)),"") -> بغاديد احمد عماد الدين | C12: =IFERROR(INDEX(بيانات!$E$3:$F$4922,MATCH(7,$S$3:$S$4922,0)),"") | E12: =IFERROR(INDEX(بيانات!$A$3:$A$4922,MATCH(7,$T$3:$T$4922,0)),"") -> RCS041 | F12: =IFERROR(INDEX(بيانات!$B$3:$B$4922,MATCH(7,$T$3:$T$4922,0))&" "&INDEX(بيانات!$C$3:$C$4922,MATCH(7,$T$3:$T$4922,0)),"") -> يزيد اميرة ملاك | G12: =IFERROR(INDEX(بيانات!$E$3:$F$4922,MATCH(7,$T$3:$T$4922,0)),"") | I12: =IFERROR(INDEX(بيانات!$A$3:$A$4922,MATCH(7,$U$3:$U$4922,0)),"") -> RCS027 | J12: =IFERROR(INDEX(بيانات!$B$3:$B$4922,MATCH(7,$U$3:$U$4922,0))&" "&INDEX(بيانات!$C$3:$C$4922,MATCH(7,$U$3:$U$4922,0)),"") -> برياح يونس مصعب | K12: =IFERROR(INDEX(بيانات!$E$3:$F$4922,MATCH(7,$U$3:$U$4922,0)),"") | M12: =IFERROR(INDEX(بيانات!$A$3:$A$4922,MATCH(7,$V$3:$V$4922,0)),"") -> RCS169 | N12: =IFERROR(INDEX(بيانات!$B$3:$B$4922,MATCH(7,$V$3:$V$4922,0))&" "&INDEX(بيانات!$C$3:$C$4922,MATCH(7,$V$3:$V$4922,0)),"") -> لاحول زوبيدة | O12: =IFERROR(INDEX(بيانات!$E$3:$F$4922,MATCH(7,$V$3:$V$4922,0)),"") | S12: =IF(AND(بيانات!$B12<>"",بيانات!$E12="ذكر",بيانات!$F12<13),COUNTIFS(بيانات!$E$3:$E12,"ذكر",بيانات!$F$3:$F12,"<13",بيانات!$B$3:$B12,"<>"),"") | T12: =IF(AND(بيانات!$B12<>"",بيانات!$E12="أنثى",بيانات!$F12<13),COUNTIFS(بيانات!$E$3:$E12,"أنثى",بيانات!$F$3:$F12,"<13",بيانات!$B$3:$B12,"<>"),"") | U12: =IF(AND(بيانات!$B12<>"",بيانات!$E12="ذكر",بيانات!$F12>=13),COUNTIFS(بيانات!$E$3:$E12,"ذكر",بيانات!$F$3:$F12,">=13",بيانات!$B$3:$B12,"<>"),"") -> 3 | V12: =IF(AND(بيانات!$B12<>"",بيانات!$E12="أنثى",بيانات!$F12>=13),COUNTIFS(بيانات!$E$3:$E12,"أنثى",بيانات!$F$3:$F12,">=13",بيانات!$B$3:$B12,"<>"),"")
A13: =IFERROR(INDEX(بيانات!$A$3:$A$4922,MATCH(8,$S$3:$S$4922,0)),"") -> RCS012 | B13: =IFERROR(INDEX(بيانات!$B$3:$B$4922,MATCH(8,$S$3:$S$4922,0))&" "&INDEX(بيانات!$C$3:$C$4922,MATCH(8,$S$3:$S$4922,0)),"") -> هواري عماد ايمن | C13: =IFERROR(INDEX(بيانات!$E$3:$F$4922,MATCH(8,$S$3:$S$4922,0)),"") | E13: =IFERROR(INDEX(بيانات!$A$3:$A$4922,MATCH(8,$T$3:$T$4922,0)),"") -> RCS045 | F13: =IFERROR(INDEX(بيانات!$B$3:$B$4922,MATCH(8,$T$3:$T$4922,0))&" "&INDEX(بيانات!$C$3:$C$4922,MATCH(8,$T$3:$T$4922,0)),"") -> بومدين لجين رؤيا | G13: =IFERROR(INDEX(بيانات!$E$3:$F$4922,MATCH(8,$T$3:$T$4922,0)),"") | I13: =IFERROR(INDEX(بيانات!$A$3:$A$4922,MATCH(8,$U$3:$U$4922,0)),"") -> RCS028 | J13: =IFERROR(INDEX(بيانات!$B$3:$B$4922,MATCH(8,$U$3:$U$4922,0))&" "&INDEX(بيانات!$C$3:$C$4922,MATCH(8,$U$3:$U$4922,0)),"") -> دادي مروان رشيد | K13: =IFERROR(INDEX(بيانات!$E$3:$F$4922,MATCH(8,$U$3:$U$4922,0)),"") | M13: =IFERROR(INDEX(بيانات!$A$3:$A$4922,MATCH(8,$V$3:$V$4922,0)),"") -> X007 | N13: =IFERROR(INDEX(بيانات!$B$3:$B$4922,MATCH(8,$V$3:$V$4922,0))&" "&INDEX(بيانات!$C$3:$C$4922,MATCH(8,$V$3:$V$4922,0)),"") -> حمادو رؤية | O13: =IFERROR(INDEX(بيانات!$E$3:$F$4922,MATCH(8,$V$3:$V$4922,0)),"") | S13: =IF(AND(بيانات!$B13<>"",بيانات!$E13="ذكر",بيانات!$F13<13),COUNTIFS(بيانات!$E$3:$E13,"ذكر",بيانات!$F$3:$F13,"<13",بيانات!$B$3:$B13,"<>"),"") -> 7 | T13: =IF(AND(بيانات!$B13<>"",بيانات!$E13="أنثى",بيانات!$F13<13),COUNTIFS(بيانات!$E$3:$E13,"أنثى",بيانات!$F$3:$F13,"<13",بيانات!$B$3:$B13,"<>"),"") | U13: =IF(AND(بيانات!$B13<>"",بيانات!$E13="ذكر",بيانات!$F13>=13),COUNTIFS(بيانات!$E$3:$E13,"ذكر",بيانات!$F$3:$F13,">=13",بيانات!$B$3:$B13,"<>"),"") | V13: =IF(AND(بيانات!$B13<>"",بيانات!$E13="أنثى",بيانات!$F13>=13),COUNTIFS(بيانات!$E$3:$E13,"أنثى",بيانات!$F$3:$F13,">=13",بيانات!$B$3:$B13,"<>"),"")
A14: =IFERROR(INDEX(بيانات!$A$3:$A$4922,MATCH(9,$S$3:$S$4922,0)),"") -> RCS017 | B14: =IFERROR(INDEX(بيانات!$B$3:$B$4922,MATCH(9,$S$3:$S$4922,0))&" "&INDEX(بيانات!$C$3:$C$4922,MATCH(9,$S$3:$S$4922,0)),"") -> غوت محمد الامين | C14: =IFERROR(INDEX(بيانات!$E$3:$F$4922,MATCH(9,$S$3:$S$4922,0)),"") | E14: =IFERROR(INDEX(بيانات!$A$3:$A$4922,MATCH(9,$T$3:$T$4922,0)),"") -> RCS050 | F14: =IFERROR(INDEX(بيانات!$B$3:$B$4922,MATCH(9,$T$3:$T$4922,0))&" "&INDEX(بيانات!$C$3:$C$4922,MATCH(9,$T$3:$T$4922,0)),"") -> فرحي لينا سهام | G14: =IFERROR(INDEX(بيانات!$E$3:$F$4922,MATCH(9,$T$3:$T$4922,0)),"") | I14: =IFERROR(INDEX(بيانات!$A$3:$A$4922,MATCH(9,$U$3:$U$4922,0)),"") -> RCS029 | J14: =IFERROR(INDEX(بيانات!$B$3:$B$4922,MATCH(9,$U$3:$U$4922,0))&" "&INDEX(بيانات!$C$3:$C$4922,MATCH(9,$U$3:$U$4922,0)),"") -> قوراري محمد السعيد | K14: =IFERROR(INDEX(بيانات!$E$3:$F$4922,MATCH(9,$U$3:$U$4922,0)),"") | M14: =IFERROR(INDEX(بيانات!$A$3:$A$4922,MATCH(9,$V$3:$V$4922,0)),"") | N14: =IFERROR(INDEX(بيانات!$B$3:$B$4922,MATCH(9,$V$3:$V$4922,0))&" "&INDEX(بيانات!$C$3:$C$4922,MATCH(9,$V$3:$V$4922,0)),"") | O14: =IFERROR(INDEX(بيانات!$E$3:$F$4922,MATCH(9,$V$3:$V$4922,0)),"") | S14: =IF(AND(بيانات!$B14<>"",بيانات!$E14="ذكر",بيانات!$F14<13),COUNTIFS(بيانات!$E$3:$E14,"ذكر",بيانات!$F$3:$F14,"<13",بيانات!$B$3:$B14,"<>"),"") -> 8 | T14: =IF(AND(بيانات!$B14<>"",بيانات!$E14="أنثى",بيانات!$F14<13),COUNTIFS(بيانات!$E$3:$E14,"أنثى",بيانات!$F$3:$F14,"<13",بيانات!$B$3:$B14,"<>"),"") | U14: =IF(AND(بيانات!$B14<>"",بيانات!$E14="ذكر",بيانات!$F14>=13),COUNTIFS(بيانات!$E$3:$E14,"ذكر",بيانات!$F$3:$F14,">=13",بيانات!$B$3:$B14,"<>"),"") | V14: =IF(AND(بيانات!$B14<>"",بيانات!$E14="أنثى",بيانات!$F14>=13),COUNTIFS(بيانات!$E$3:$E14,"أنثى",بيانات!$F$3:$F14,">=13",بيانات!$B$3:$B14,"<>"),"")
A15: =IFERROR(INDEX(بيانات!$A$3:$A$4922,MATCH(10,$S$3:$S$4922,0)),"") -> RCS019 | B15: =IFERROR(INDEX(بيانات!$B$3:$B$4922,MATCH(10,$S$3:$S$4922,0))&" "&INDEX(بيانات!$C$3:$C$4922,MATCH(10,$S$3:$S$4922,0)),"") -> بن دامو حبيب الله | C15: =IFERROR(INDEX(بيانات!$E$3:$F$4922,MATCH(10,$S$3:$S$4922,0)),"") | E15: =IFERROR(INDEX(بيانات!$A$3:$A$4922,MATCH(10,$T$3:$T$4922,0)),"") -> RCS073 | F15: =IFERROR(INDEX(بيانات!$B$3:$B$4922,MATCH(10,$T$3:$T$4922,0))&" "&INDEX(بيانات!$C$3:$C$4922,MATCH(10,$T$3:$T$4922,0)),"") -> مغربي كريمة | G15: =IFERROR(INDEX(بيانات!$E$3:$F$4922,MATCH(10,$T$3:$T$4922,0)),"") | I15: =IFERROR(INDEX(بيانات!$A$3:$A$4922,MATCH(10,$U$3:$U$4922,0)),"") -> RCS030 | J15: =IFERROR(INDEX(بيانات!$B$3:$B$4922,MATCH(10,$U$3:$U$4922,0))&" "&INDEX(بيانات!$C$3:$C$4922,MATCH(10,$U$3:$U$4922,0)),"") -> حمامي عبد الكريم | K15: =IFERROR(INDEX(بيانات!$E$3:$F$4922,MATCH(10,$U$3:$U$4922,0)),"") | M15: =IFERROR(INDEX(بيانات!$A$3:$A$4922,MATCH(10,$V$3:$V$4922,0)),"") | N15: =IFERROR(INDEX(بيانات!$B$3:$B$4922,MATCH(10,$V$3:$V$4922,0))&" "&INDEX(بيانات!$C$3:$C$4922,MATCH(10,$V$3:$V$4922,0)),"") | O15: =IFERROR(INDEX(بيانات!$E$3:$F$4922,MATCH(10,$V$3:$V$4922,0)),"") | S15: =IF(AND(بيانات!$B15<>"",بيانات!$E15="ذكر",بيانات!$F15<13),COUNTIFS(بيانات!$E$3:$E15,"ذكر",بيانات!$F$3:$F15,"<13",بيانات!$B$3:$B15,"<>"),"") | T15: =IF(AND(بيانات!$B15<>"",بيانات!$E15="أنثى",بيانات!$F15<13),COUNTIFS(بيانات!$E$3:$E15,"أنثى",بيانات!$F$3:$F15,"<13",بيانات!$B$3:$B15,"<>"),"") -> 2 | U15: =IF(AND(بيانات!$B15<>"",بيانات!$E15="ذكر",بيانات!$F15>=13),COUNTIFS(بيانات!$E$3:$E15,"ذكر",بيانات!$F$3:$F15,">=13",بيانات!$B$3:$B15,"<>"),"") | V15: =IF(AND(بيانات!$B15<>"",بيانات!$E15="أنثى",بيانات!$F15>=13),COUNTIFS(بيانات!$E$3:$E15,"أنثى",بيانات!$F$3:$F15,">=13",بيانات!$B$3:$B15,"<>"),"")
A16: =IFERROR(INDEX(بيانات!$A$3:$A$4922,MATCH(11,$S$3:$S$4922,0)),"") -> RCS020 | B16: =IFERROR(INDEX(بيانات!$B$3:$B$4922,MATCH(11,$S$3:$S$4922,0))&" "&INDEX(بيانات!$C$3:$C$4922,MATCH(11,$S$3:$S$4922,0)),"") -> خايف أيمن | C16: =IFERROR(INDEX(بيانات!$E$3:$F$4922,MATCH(11,$S$3:$S$4922,0)),"") | E16: =IFERROR(INDEX(بيانات!$A$3:$A$4922,MATCH(11,$T$3:$T$4922,0)),"") -> RCS086 | F16: =IFERROR(INDEX(بيانات!$B$3:$B$4922,MATCH(11,$T$3:$T$4922,0))&" "&INDEX(بيانات!$C$3:$C$4922,MATCH(11,$T$3:$T$4922,0)),"") -> خرار عائشة | G16: =IFERROR(INDEX(بيانات!$E$3:$F$4922,MATCH(11,$T$3:$T$4922,0)),"") | I16: =IFERROR(INDEX(بيانات!$A$3:$A$4922,MATCH(11,$U$3:$U$4922,0)),"") -> RCS031 | J16: =IFERROR(INDEX(بيانات!$B$3:$B$4922,MATCH(11,$U$3:$U$4922,0))&" "&INDEX(بيانات!$C$3:$C$4922,MATCH(11,$U$3:$U$4922,0)),"") -> مرتضى عبد الرزاق شيخ | K16: =IFERROR(INDEX(بيانات!$E$3:$F$4922,MATCH(11,$U$3:$U$4922,0)),"") | M16: =IFERROR(INDEX(بيانات!$A$3:$A$4922,MATCH(11,$V$3:$V$4922,0)),"") | N16: =IFERROR(INDEX(بيانات!$B$3:$B$4922,MATCH(11,$V$3:$V$4922,0))&" "&INDEX(بيانات!$C$3:$C$4922,MATCH(11,$V$3:$V$4922,0)),"") | O16: =IFERROR(INDEX(بيانات!$E$3:$F$4922,MATCH(11,$V$3:$V$4922,0)),"") | S16: =IF(AND(بيانات!$B16<>"",بيانات!$E16="ذكر",بيانات!$F16<13),COUNTIFS(بيانات!$E$3:$E16,"ذكر",بيانات!$F$3:$F16,"<13",بيانات!$B$3:$B16,"<>"),"") | T16: =IF(AND(بيانات!$B16<>"",بيانات!$E16="أنثى",بيانات!$F16<13),COUNTIFS(بيانات!$E$3:$E16,"أنثى",بيانات!$F$3:$F16,"<13",بيانات!$B$3:$B16,"<>"),"") -> 3 | U16: =IF(AND(بيانات!$B16<>"",بيانات!$E16="ذكر",بيانات!$F16>=13),COUNTIFS(بيانات!$E$3:$E16,"ذكر",بيانات!$F$3:$F16,">=13",بيانات!$B$3:$B16,"<>"),"") | V16: =IF(AND(بيانات!$B16<>"",بيانات!$E16="أنثى",بيانات!$F16>=13),COUNTIFS(بيانات!$E$3:$E16,"أنثى",بيانات!$F$3:$F16,">=13",بيانات!$B$3:$B16,"<>"),"")
A17: =IFERROR(INDEX(بيانات!$A$3:$A$4922,MATCH(12,$S$3:$S$4922,0)),"") -> RCS021 | B17: =IFERROR(INDEX(بيانات!$B$3:$B$4922,MATCH(12,$S$3:$S$4922,0))&" "&INDEX(بيانات!$C$3:$C$4922,MATCH(12,$S$3:$S$4922,0)),"") -> عقيدة يونس بهاء الدين | C17: =IFERROR(INDEX(بيانات!$E$3:$F$4922,MATCH(12,$S$3:$S$4922,0)),"") | E17: =IFERROR(INDEX(بيانات!$A$3:$A$4922,MATCH(12,$T$3:$T$4922,0)),"") -> RCS090 | F17: =IFERROR(INDEX(بيانات!$B$3:$B$4922,MATCH(12,$T$3:$T$4922,0))&" "&INDEX(بيانات!$C$3:$C$4922,MATCH(12,$T$3:$T$4922,0)),"") -> سويح ضحى ملاك | G17: =IFERROR(INDEX(بيانات!$E$3:$F$4922,MATCH(12,$T$3:$T$4922,0)),"") | I17: =IFERROR(INDEX(بيانات!$A$3:$A$4922,MATCH(12,$U$3:$U$4922,0)),"") -> RCS032 | J17: =IFERROR(INDEX(بيانات!$B$3:$B$4922,MATCH(12,$U$3:$U$4922,0))&" "&INDEX(بيانات!$C$3:$C$4922,MATCH(12,$U$3:$U$4922,0)),"") -> بوكراع يوسف الصديق | K17: =IFERROR(INDEX(بيانات!$E$3:$F$4922,MATCH(12,$U$3:$U$4922,0)),"") | M17: =IFERROR(INDEX(بيانات!$A$3:$A$4922,MATCH(12,$V$3:$V$4922,0)),"") | N17: =IFERROR(INDEX(بيانات!$B$3:$B$4922,MATCH(12,$V$3:$V$4922,0))&" "&INDEX(بيانات!$C$3:$C$4922,MATCH(12,$V$3:$V$4922,0)),"") | O17: =IFERROR(INDEX(بيانات!$E$3:$F$4922,MATCH(12,$V$3:$V$4922,0)),"") | S17: =IF(AND(بيانات!$B17<>"",بيانات!$E17="ذكر",بيانات!$F17<13),COUNTIFS(بيانات!$E$3:$E17,"ذكر",بيانات!$F$3:$F17,"<13",بيانات!$B$3:$B17,"<>"),"") | T17: =IF(AND(بيانات!$B17<>"",بيانات!$E17="أنثى",بيانات!$F17<13),COUNTIFS(بيانات!$E$3:$E17,"أنثى",بيانات!$F$3:$F17,"<13",بيانات!$B$3:$B17,"<>"),"") -> 4 | U17: =IF(AND(بيانات!$B17<>"",بيانات!$E17="ذكر",بيانات!$F17>=13),COUNTIFS(بيانات!$E$3:$E17,"ذكر",بيانات!$F$3:$F17,">=13",بيانات!$B$3:$B17,"<>"),"") | V17: =IF(AND(بيانات!$B17<>"",بيانات!$E17="أنثى",بيانات!$F17>=13),COUNTIFS(بيانات!$E$3:$E17,"أنثى",بيانات!$F$3:$F17,">=13",بيانات!$B$3:$B17,"<>"),"")
A18: =IFERROR(INDEX(بيانات!$A$3:$A$4922,MATCH(13,$S$3:$S$4922,0)),"") -> RCS022 | B18: =IFERROR(INDEX(بيانات!$B$3:$B$4922,MATCH(13,$S$3:$S$4922,0))&" "&INDEX(بيانات!$C$3:$C$4922,MATCH(13,$S$3:$S$4922,0)),"") -> عقيدة أيوب عبد الاله | C18: =IFERROR(INDEX(بيانات!$E$3:$F$4922,MATCH(13,$S$3:$S$4922,0)),"") | E18: =IFERROR(INDEX(بيانات!$A$3:$A$4922,MATCH(13,$T$3:$T$4922,0)),"") -> RCS092 | F18: =IFERROR(INDEX(بيانات!$B$3:$B$4922,MATCH(13,$T$3:$T$4922,0))&" "&INDEX(بيانات!$C$3:$C$4922,MATCH(13,$T$3:$T$4922,0)),"") -> شهروري هبة الرحمان هبة الرحمان | G18: =IFERROR(INDEX(بيانات!$E$3:$F$4922,MATCH(13,$T$3:$T$4922,0)),"") | I18: =IFERROR(INDEX(بيانات!$A$3:$A$4922,MATCH(13,$U$3:$U$4922,0)),"") -> RCS033 | J18: =IFERROR(INDEX(بيانات!$B$3:$B$4922,MATCH(13,$U$3:$U$4922,0))&" "&INDEX(بيانات!$C$3:$C$4922,MATCH(13,$U$3:$U$4922,0)),"") -> لبوخ نصر الدين | K18: =IFERROR(INDEX(بيانات!$E$3:$F$4922,MATCH(13,$U$3:$U$4922,0)),"") | M18: =IFERROR(INDEX(بيانات!$A$3:$A$4922,MATCH(13,$V$3:$V$4922,0)),"") | N18: =IFERROR(INDEX(بيانات!$B$3:$B$4922,MATCH(13,$V$3:$V$4922,0))&" "&INDEX(بيانات!$C$3:$C$4922,MATCH(13,$V$3:$V$4922,0)),"") | O18: =IFERROR(INDEX(بيانات!$E$3:$F$4922,MATCH(13,$V$3:$V$4922,0)),"") | S18: =IF(AND(بيانات!$B18<>"",بيانات!$E18="ذكر",بيانات!$F18<13),COUNTIFS(بيانات!$E$3:$E18,"ذكر",بيانات!$F$3:$F18,"<13",بيانات!$B$3:$B18,"<>"),"") | T18: =IF(AND(بيانات!$B18<>"",بيانات!$E18="أنثى",بيانات!$F18<13),COUNTIFS(بيانات!$E$3:$E18,"أنثى",بيانات!$F$3:$F18,"<13",بيانات!$B$3:$B18,"<>"),"") -> 5 | U18: =IF(AND(بيانات!$B18<>"",بيانات!$E18="ذكر",بيانات!$F18>=13),COUNTIFS(بيانات!$E$3:$E18,"ذكر",بيانات!$F$3:$F18,">=13",بيانات!$B$3:$B18,"<>"),"") | V18: =IF(AND(بيانات!$B18<>"",بيانات!$E18="أنثى",بيانات!$F18>=13),COUNTIFS(بيانات!$E$3:$E18,"أنثى",بيانات!$F$3:$F18,">=13",بيانات!$B$3:$B18,"<>"),"")
A19: =IFERROR(INDEX(بيانات!$A$3:$A$4922,MATCH(14,$S$3:$S$4922,0)),"") -> RCS026 | B19: =IFERROR(INDEX(بيانات!$B$3:$B$4922,MATCH(14,$S$3:$S$4922,0))&" "&INDEX(بيانات!$C$3:$C$4922,MATCH(14,$S$3:$S$4922,0)),"") -> برياح ادم | C19: =IFERROR(INDEX(بيانات!$E$3:$F$4922,MATCH(14,$S$3:$S$4922,0)),"") | E19: =IFERROR(INDEX(بيانات!$A$3:$A$4922,MATCH(14,$T$3:$T$4922,0)),"") -> RCS097 | F19: =IFERROR(INDEX(بيانات!$B$3:$B$4922,MATCH(14,$T$3:$T$4922,0))&" "&INDEX(بيانات!$C$3:$C$4922,MATCH(14,$T$3:$T$4922,0)),"") -> يحياوي خديجة | G19: =IFERROR(INDEX(بيانات!$E$3:$F$4922,MATCH(14,$T$3:$T$4922,0)),"") | I19: =IFERROR(INDEX(بيانات!$A$3:$A$4922,MATCH(14,$U$3:$U$4922,0)),"") -> RCS034 | J19: =IFERROR(INDEX(بيانات!$B$3:$B$4922,MATCH(14,$U$3:$U$4922,0))&" "&INDEX(بيانات!$C$3:$C$4922,MATCH(14,$U$3:$U$4922,0)),"") -> جرفي حسين | K19: =IFERROR(INDEX(بيانات!$E$3:$F$4922,MATCH(14,$U$3:$U$4922,0)),"") | M19: =IFERROR(INDEX(بيانات!$A$3:$A$4922,MATCH(14,$V$3:$V$4922,0)),"") | N19: =IFERROR(INDEX(بيانات!$B$3:$B$4922,MATCH(14,$V$3:$V$4922,0))&" "&INDEX(بيانات!$C$3:$C$4922,MATCH(14,$V$3:$V$4922,0)),"") | O19: =IFERROR(INDEX(بيانات!$E$3:$F$4922,MATCH(14,$V$3:$V$4922,0)),"") | S19: =IF(AND(بيانات!$B19<>"",بيانات!$E19="ذكر",بيانات!$F19<13),COUNTIFS(بيانات!$E$3:$E19,"ذكر",بيانات!$F$3:$F19,"<13",بيانات!$B$3:$B19,"<>"),"") -> 9 | T19: =IF(AND(بيانات!$B19<>"",بيانات!$E19="أنثى",بيانات!$F19<13),COUNTIFS(بيانات!$E$3:$E19,"أنثى",بيانات!$F$3:$F19,"<13",بيانات!$B$3:$B19,"<>"),"") | U19: =IF(AND(بيانات!$B19<>"",بيانات!$E19="ذكر",بيانات!$F19>=13),COUNTIFS(بيانات!$E$3:$E19,"ذكر",بيانات!$F$3:$F19,">=13",بيانات!$B$3:$B19,"<>"),"") | V19: =IF(AND(بيانات!$B19<>"",بيانات!$E19="أنثى",بيانات!$F19>=13),COUNTIFS(بيانات!$E$3:$E19,"أنثى",بيانات!$F$3:$F19,">=13",بيانات!$B$3:$B19,"<>"),"")
A20: =IFERROR(INDEX(بيانات!$A$3:$A$4922,MATCH(15,$S$3:$S$4922,0)),"") -> RCS038 | B20: =IFERROR(INDEX(بيانات!$B$3:$B$4922,MATCH(15,$S$3:$S$4922,0))&" "&INDEX(بيانات!$C$3:$C$4922,MATCH(15,$S$3:$S$4922,0)),"") -> قاسمي صهيب | C20: =IFERROR(INDEX(بيانات!$E$3:$F$4922,MATCH(15,$S$3:$S$4922,0)),"") | E20: =IFERROR(INDEX(بيانات!$A$3:$A$4922,MATCH(15,$T$3:$T$4922,0)),"") -> RCS098 | F20: =IFERROR(INDEX(بيانات!$B$3:$B$4922,MATCH(15,$T$3:$T$4922,0))&" "&INDEX(بيانات!$C$3:$C$4922,MATCH(15,$T$3:$T$4922,0)),"") -> صوان ابتهال فاطمة الزهراء | G20: =IFERROR(INDEX(بيانات!$E$3:$F$4922,MATCH(15,$T$3:$T$4922,0)),"") | I20: =IFERROR(INDEX(بيانات!$A$3:$A$4922,MATCH(15,$U$3:$U$4922,0)),"") -> RCS035 | J20: =IFERROR(INDEX(بيانات!$B$3:$B$4922,MATCH(15,$U$3:$U$4922,0))&" "&INDEX(بيانات!$C$3:$C$4922,MATCH(15,$U$3:$U$4922,0)),"") -> راي أحمد الجيلالي | K20: =IFERROR(INDEX(بيانات!$E$3:$F$4922,MATCH(15,$U$3:$U$4922,0)),"") | M20: =IFERROR(INDEX(بيانات!$A$3:$A$4922,MATCH(15,$V$3:$V$4922,0)),"") | N20: =IFERROR(INDEX(بيانات!$B$3:$B$4922,MATCH(15,$V$3:$V$4922,0))&" "&INDEX(بيانات!$C$3:$C$4922,MATCH(15,$V$3:$V$4922,0)),"") | O20: =IFERROR(INDEX(بيانات!$E$3:$F$4922,MATCH(15,$V$3:$V$4922,0)),"") | S20: =IF(AND(بيانات!$B20<>"",بيانات!$E20="ذكر",بيانات!$F20<13),COUNTIFS(بيانات!$E$3:$E20,"ذكر",بيانات!$F$3:$F20,"<13",بيانات!$B$3:$B20,"<>"),"") | T20: =IF(AND(بيانات!$B20<>"",بيانات!$E20="أنثى",بيانات!$F20<13),COUNTIFS(بيانات!$E$3:$E20,"أنثى",بيانات!$F$3:$F20,"<13",بيانات!$B$3:$B20,"<>"),"") -> 6 | U20: =IF(AND(بيانات!$B20<>"",بيانات!$E20="ذكر",بيانات!$F20>=13),COUNTIFS(بيانات!$E$3:$E20,"ذكر",بيانات!$F$3:$F20,">=13",بيانات!$B$3:$B20,"<>"),"") | V20: =IF(AND(بيانات!$B20<>"",بيانات!$E20="أنثى",بيانات!$F20>=13),COUNTIFS(بيانات!$E$3:$E20,"أنثى",بيانات!$F$3:$F20,">=13",بيانات!$B$3:$B20,"<>"),"")
A21: =IFERROR(INDEX(بيانات!$A$3:$A$4922,MATCH(16,$S$3:$S$4922,0)),"") -> RCS042 | B21: =IFERROR(INDEX(بيانات!$B$3:$B$4922,MATCH(16,$S$3:$S$4922,0))&" "&INDEX(بيانات!$C$3:$C$4922,MATCH(16,$S$3:$S$4922,0)),"") -> بومدين اسلام مختار | C21: =IFERROR(INDEX(بيانات!$E$3:$F$4922,MATCH(16,$S$3:$S$4922,0)),"") | E21: =IFERROR(INDEX(بيانات!$A$3:$A$4922,MATCH(16,$T$3:$T$4922,0)),"") | F21: =IFERROR(INDEX(بيانات!$B$3:$B$4922,MATCH(16,$T$3:$T$4922,0))&" "&INDEX(بيانات!$C$3:$C$4922,MATCH(16,$T$3:$T$4922,0)),"") | G21: =IFERROR(INDEX(بيانات!$E$3:$F$4922,MATCH(16,$T$3:$T$4922,0)),"") | I21: =IFERROR(INDEX(بيانات!$A$3:$A$4922,MATCH(16,$U$3:$U$4922,0)),"") -> RCS036 | J21: =IFERROR(INDEX(بيانات!$B$3:$B$4922,MATCH(16,$U$3:$U$4922,0))&" "&INDEX(بيانات!$C$3:$C$4922,MATCH(16,$U$3:$U$4922,0)),"") -> فلاح عبد الكريم | K21: =IFERROR(INDEX(بيانات!$E$3:$F$4922,MATCH(16,$U$3:$U$4922,0)),"") | M21: =IFERROR(INDEX(بيانات!$A$3:$A$4922,MATCH(16,$V$3:$V$4922,0)),"") | N21: =IFERROR(INDEX(بيانات!$B$3:$B$4922,MATCH(16,$V$3:$V$4922,0))&" "&INDEX(بيانات!$C$3:$C$4922,MATCH(16,$V$3:$V$4922,0)),"") | O21: =IFERROR(INDEX(بيانات!$E$3:$F$4922,MATCH(16,$V$3:$V$4922,0)),"") | S21: =IF(AND(بيانات!$B21<>"",بيانات!$E21="ذكر",بيانات!$F21<13),COUNTIFS(بيانات!$E$3:$E21,"ذكر",بيانات!$F$3:$F21,"<13",بيانات!$B$3:$B21,"<>"),"") -> 10 | T21: =IF(AND(بيانات!$B21<>"",بيانات!$E21="أنثى",بيانات!$F21<13),COUNTIFS(بيانات!$E$3:$E21,"أنثى",بيانات!$F$3:$F21,"<13",بيانات!$B$3:$B21,"<>"),"") | U21: =IF(AND(بيانات!$B21<>"",بيانات!$E21="ذكر",بيانات!$F21>=13),COUNTIFS(بيانات!$E$3:$E21,"ذكر",بيانات!$F$3:$F21,">=13",بيانات!$B$3:$B21,"<>"),"") | V21: =IF(AND(بيانات!$B21<>"",بيانات!$E21="أنثى",بيانات!$F21>=13),COUNTIFS(بيانات!$E$3:$E21,"أنثى",بيانات!$F$3:$F21,">=13",بيانات!$B$3:$B21,"<>"),"")
A22: =IFERROR(INDEX(بيانات!$A$3:$A$4922,MATCH(17,$S$3:$S$4922,0)),"") -> RCS048 | B22: =IFERROR(INDEX(بيانات!$B$3:$B$4922,MATCH(17,$S$3:$S$4922,0))&" "&INDEX(بيانات!$C$3:$C$4922,MATCH(17,$S$3:$S$4922,0)),"") -> سوسي شيخ | C22: =IFERROR(INDEX(بيانات!$E$3:$F$4922,MATCH(17,$S$3:$S$4922,0)),"") | E22: =IFERROR(INDEX(بيانات!$A$3:$A$4922,MATCH(17,$T$3:$T$4922,0)),"") -> RCS111 | F22: =IFERROR(INDEX(بيانات!$B$3:$B$4922,MATCH(17,$T$3:$T$4922,0))&" "&INDEX(بيانات!$C$3:$C$4922,MATCH(17,$T$3:$T$4922,0)),"") -> هواري ريمة | G22: =IFERROR(INDEX(بيانات!$E$3:$F$4922,MATCH(17,$T$3:$T$4922,0)),"") | I22: =IFERROR(INDEX(بيانات!$A$3:$A$4922,MATCH(17,$U$3:$U$4922,0)),"") -> RCS037 | J22: =IFERROR(INDEX(بيانات!$B$3:$B$4922,MATCH(17,$U$3:$U$4922,0))&" "&INDEX(بيانات!$C$3:$C$4922,MATCH(17,$U$3:$U$4922,0)),"") -> كروم عمر الفاروق | K22: =IFERROR(INDEX(بيانات!$E$3:$F$4922,MATCH(17,$U$3:$U$4922,0)),"") | M22: =IFERROR(INDEX(بيانات!$A$3:$A$4922,MATCH(17,$V$3:$V$4922,0)),"") | N22: =IFERROR(INDEX(بيانات!$B$3:$B$4922,MATCH(17,$V$3:$V$4922,0))&" "&INDEX(بيانات!$C$3:$C$4922,MATCH(17,$V$3:$V$4922,0)),"") | O22: =IFERROR(INDEX(بيانات!$E$3:$F$4922,MATCH(17,$V$3:$V$4922,0)),"") | S22: =IF(AND(بيانات!$B22<>"",بيانات!$E22="ذكر",بيانات!$F22<13),COUNTIFS(بيانات!$E$3:$E22,"ذكر",بيانات!$F$3:$F22,"<13",بيانات!$B$3:$B22,"<>"),"") -> 11 | T22: =IF(AND(بيانات!$B22<>"",بيانات!$E22="أنثى",بيانات!$F22<13),COUNTIFS(بيانات!$E$3:$E22,"أنثى",بيانات!$F$3:$F22,"<13",بيانات!$B$3:$B22,"<>"),"") | U22: =IF(AND(بيانات!$B22<>"",بيانات!$E22="ذكر",بيانات!$F22>=13),COUNTIFS(بيانات!$E$3:$E22,"ذكر",بيانات!$F$3:$F22,">=13",بيانات!$B$3:$B22,"<>"),"") | V22: =IF(AND(بيانات!$B22<>"",بيانات!$E22="أنثى",بيانات!$F22>=13),COUNTIFS(بيانات!$E$3:$E22,"أنثى",بيانات!$F$3:$F22,">=13",بيانات!$B$3:$B22,"<>"),"")
A23: =IFERROR(INDEX(بيانات!$A$3:$A$4922,MATCH(18,$S$3:$S$4922,0)),"") -> RCS049 | B23: =IFERROR(INDEX(بيانات!$B$3:$B$4922,MATCH(18,$S$3:$S$4922,0))&" "&INDEX(بيانات!$C$3:$C$4922,MATCH(18,$S$3:$S$4922,0)),"") -> درقاوي هاني سيف الاسلام | C23: =IFERROR(INDEX(بيانات!$E$3:$F$4922,MATCH(18,$S$3:$S$4922,0)),"") | E23: =IFERROR(INDEX(بيانات!$A$3:$A$4922,MATCH(18,$T$3:$T$4922,0)),"") -> RCS119 | F23: =IFERROR(INDEX(بيانات!$B$3:$B$4922,MATCH(18,$T$3:$T$4922,0))&" "&INDEX(بيانات!$C$3:$C$4922,MATCH(18,$T$3:$T$4922,0)),"") -> رزقاني اريج | G23: =IFERROR(INDEX(بيانات!$E$3:$F$4922,MATCH(18,$T$3:$T$4922,0)),"") | I23: =IFERROR(INDEX(بيانات!$A$3:$A$4922,MATCH(18,$U$3:$U$4922,0)),"") -> RCS039 | J23: =IFERROR(INDEX(بيانات!$B$3:$B$4922,MATCH(18,$U$3:$U$4922,0))&" "&INDEX(بيانات!$C$3:$C$4922,MATCH(18,$U$3:$U$4922,0)),"") -> ولد قادة يونس | K23: =IFERROR(INDEX(بيانات!$E$3:$F$4922,MATCH(18,$U$3:$U$4922,0)),"") | M23: =IFERROR(INDEX(بيانات!$A$3:$A$4922,MATCH(18,$V$3:$V$4922,0)),"") | N23: =IFERROR(INDEX(بيانات!$B$3:$B$4922,MATCH(18,$V$3:$V$4922,0))&" "&INDEX(بيانات!$C$3:$C$4922,MATCH(18,$V$3:$V$4922,0)),"") | O23: =IFERROR(INDEX(بيانات!$E$3:$F$4922,MATCH(18,$V$3:$V$4922,0)),"") | S23: =IF(AND(بيانات!$B23<>"",بيانات!$E23="ذكر",بيانات!$F23<13),COUNTIFS(بيانات!$E$3:$E23,"ذكر",بيانات!$F$3:$F23,"<13",بيانات!$B$3:$B23,"<>"),"") -> 12 | T23: =IF(AND(بيانات!$B23<>"",بيانات!$E23="أنثى",بيانات!$F23<13),COUNTIFS(بيانات!$E$3:$E23,"أنثى",بيانات!$F$3:$F23,"<13",بيانات!$B$3:$B23,"<>"),"") | U23: =IF(AND(بيانات!$B23<>"",بيانات!$E23="ذكر",بيانات!$F23>=13),COUNTIFS(بيانات!$E$3:$E23,"ذكر",بيانات!$F$3:$F23,">=13",بيانات!$B$3:$B23,"<>"),"") | V23: =IF(AND(بيانات!$B23<>"",بيانات!$E23="أنثى",بيانات!$F23>=13),COUNTIFS(بيانات!$E$3:$E23,"أنثى",بيانات!$F$3:$F23,">=13",بيانات!$B$3:$B23,"<>"),"")
A24: =IFERROR(INDEX(بيانات!$A$3:$A$4922,MATCH(19,$S$3:$S$4922,0)),"") -> RCS051 | B24: =IFERROR(INDEX(بيانات!$B$3:$B$4922,MATCH(19,$S$3:$S$4922,0))&" "&INDEX(بيانات!$C$3:$C$4922,MATCH(19,$S$3:$S$4922,0)),"") -> حشمان عبد المالك | C24: =IFERROR(INDEX(بيانات!$E$3:$F$4922,MATCH(19,$S$3:$S$4922,0)),"") | E24: =IFERROR(INDEX(بيانات!$A$3:$A$4922,MATCH(19,$T$3:$T$4922,0)),"") -> RCS125 | F24: =IFERROR(INDEX(بيانات!$B$3:$B$4922,MATCH(19,$T$3:$T$4922,0))&" "&INDEX(بيانات!$C$3:$C$4922,MATCH(19,$T$3:$T$4922,0)),"") -> كدروسي فاطيمة | G24: =IFERROR(INDEX(بيانات!$E$3:$F$4922,MATCH(19,$T$3:$T$4922,0)),"") | I24: =IFERROR(INDEX(بيانات!$A$3:$A$4922,MATCH(19,$U$3:$U$4922,0)),"") -> RCS040 | J24: =IFERROR(INDEX(بيانات!$B$3:$B$4922,MATCH(19,$U$3:$U$4922,0))&" "&INDEX(بيانات!$C$3:$C$4922,MATCH(19,$U$3:$U$4922,0)),"") -> بلخضر عبد الوهاب | K24: =IFERROR(INDEX(بيانات!$E$3:$F$4922,MATCH(19,$U$3:$U$4922,0)),"") | M24: =IFERROR(INDEX(بيانات!$A$3:$A$4922,MATCH(19,$V$3:$V$4922,0)),"") | N24: =IFERROR(INDEX(بيانات!$B$3:$B$4922,MATCH(19,$V$3:$V$4922,0))&" "&INDEX(بيانات!$C$3:$C$4922,MATCH(19,$V$3:$V$4922,0)),"") | O24: =IFERROR(INDEX(بيانات!$E$3:$F$4922,MATCH(19,$V$3:$V$4922,0)),"") | S24: =IF(AND(بيانات!$B24<>"",بيانات!$E24="ذكر",بيانات!$F24<13),COUNTIFS(بيانات!$E$3:$E24,"ذكر",بيانات!$F$3:$F24,"<13",بيانات!$B$3:$B24,"<>"),"") -> 13 | T24: =IF(AND(بيانات!$B24<>"",بيانات!$E24="أنثى",بيانات!$F24<13),COUNTIFS(بيانات!$E$3:$E24,"أنثى",بيانات!$F$3:$F24,"<13",بيانات!$B$3:$B24,"<>"),"") | U24: =IF(AND(بيانات!$B24<>"",بيانات!$E24="ذكر",بيانات!$F24>=13),COUNTIFS(بيانات!$E$3:$E24,"ذكر",بيانات!$F$3:$F24,">=13",بيانات!$B$3:$B24,"<>"),"") | V24: =IF(AND(بيانات!$B24<>"",بيانات!$E24="أنثى",بيانات!$F24>=13),COUNTIFS(بيانات!$E$3:$E24,"أنثى",بيانات!$F$3:$F24,">=13",بيانات!$B$3:$B24,"<>"),"")
